<?xml version="1.0" encoding="UTF-8"?>
<frame version="1.2.0">
  <cameras>
    <camera camera_id="0">
      <photo path="../../../CameraPhoto/captured_images_2024-10-24_21-33-50/image_1.png">
        <meta>
          <property name="File/ImageHeight" value="480"/>
          <property name="File/ImageWidth" value="640"/>
          <property name="System/FileModifyDate" value="2024:10:24 21:33:56"/>
          <property name="System/FileSize" value="339128"/>
        </meta>
      </photo>
    </camera>
    <camera camera_id="1">
      <photo path="../../../CameraPhoto/captured_images_2024-10-24_21-33-50/image_2.png">
        <meta>
          <property name="File/ImageHeight" value="480"/>
          <property name="File/ImageWidth" value="640"/>
          <property name="System/FileModifyDate" value="2024:10:24 21:33:58"/>
          <property name="System/FileSize" value="533993"/>
        </meta>
      </photo>
    </camera>
    <camera camera_id="2">
      <photo path="../../../CameraPhoto/captured_images_2024-10-24_21-33-50/image_3.png">
        <meta>
          <property name="File/ImageHeight" value="480"/>
          <property name="File/ImageWidth" value="640"/>
          <property name="System/FileModifyDate" value="2024:10:24 21:33:59"/>
          <property name="System/FileSize" value="492601"/>
        </meta>
      </photo>
    </camera>
    <camera camera_id="3">
      <photo path="../../../CameraPhoto/captured_images_2024-10-24_21-33-50/image_4.png">
        <meta>
          <property name="File/ImageHeight" value="480"/>
          <property name="File/ImageWidth" value="640"/>
          <property name="System/FileModifyDate" value="2024:10:24 21:34:00"/>
          <property name="System/FileSize" value="487270"/>
        </meta>
      </photo>
    </camera>
    <camera camera_id="4">
      <photo path="../../../CameraPhoto/captured_images_2024-10-24_21-33-50/image_5.png">
        <meta>
          <property name="File/ImageHeight" value="480"/>
          <property name="File/ImageWidth" value="640"/>
          <property name="System/FileModifyDate" value="2024:10:24 21:34:01"/>
          <property name="System/FileSize" value="484772"/>
        </meta>
      </photo>
    </camera>
    <camera camera_id="5">
      <photo path="../../../CameraPhoto/captured_images_2024-10-24_21-33-50/image_6.png">
        <meta>
          <property name="File/ImageHeight" value="480"/>
          <property name="File/ImageWidth" value="640"/>
          <property name="System/FileModifyDate" value="2024:10:24 21:34:02"/>
          <property name="System/FileSize" value="482925"/>
        </meta>
      </photo>
    </camera>
    <camera camera_id="6">
      <photo path="../../../CameraPhoto/captured_images_2024-10-24_21-33-50/image_7.png">
        <meta>
          <property name="File/ImageHeight" value="480"/>
          <property name="File/ImageWidth" value="640"/>
          <property name="System/FileModifyDate" value="2024:10:24 21:34:03"/>
          <property name="System/FileSize" value="479805"/>
        </meta>
      </photo>
    </camera>
    <camera camera_id="7">
      <photo path="../../../CameraPhoto/captured_images_2024-10-24_21-33-50/image_8.png">
        <meta>
          <property name="File/ImageHeight" value="480"/>
          <property name="File/ImageWidth" value="640"/>
          <property name="System/FileModifyDate" value="2024:10:24 21:34:04"/>
          <property name="System/FileSize" value="483548"/>
        </meta>
      </photo>
    </camera>
    <camera camera_id="8">
      <photo path="../../../CameraPhoto/captured_images_2024-10-24_21-33-50/image_9.png">
        <meta>
          <property name="File/ImageHeight" value="480"/>
          <property name="File/ImageWidth" value="640"/>
          <property name="System/FileModifyDate" value="2024:10:24 21:34:05"/>
          <property name="System/FileSize" value="486182"/>
        </meta>
      </photo>
    </camera>
    <camera camera_id="9">
      <photo path="../../../CameraPhoto/captured_images_2024-10-24_21-33-50/image_10.png">
        <meta>
          <property name="File/ImageHeight" value="480"/>
          <property name="File/ImageWidth" value="640"/>
          <property name="System/FileModifyDate" value="2024:10:24 21:34:06"/>
          <property name="System/FileSize" value="484185"/>
        </meta>
      </photo>
    </camera>
    <camera camera_id="10">
      <photo path="../../../CameraPhoto/captured_images_2024-10-24_21-33-50/image_11.png">
        <meta>
          <property name="File/ImageHeight" value="480"/>
          <property name="File/ImageWidth" value="640"/>
          <property name="System/FileModifyDate" value="2024:10:24 21:34:07"/>
          <property name="System/FileSize" value="478002"/>
        </meta>
      </photo>
    </camera>
    <camera camera_id="11">
      <photo path="../../../CameraPhoto/captured_images_2024-10-24_21-33-50/image_12.png">
        <meta>
          <property name="File/ImageHeight" value="480"/>
          <property name="File/ImageWidth" value="640"/>
          <property name="System/FileModifyDate" value="2024:10:24 21:34:08"/>
          <property name="System/FileSize" value="479475"/>
        </meta>
      </photo>
    </camera>
    <camera camera_id="12">
      <photo path="../../../CameraPhoto/captured_images_2024-10-24_21-33-50/image_13.png">
        <meta>
          <property name="File/ImageHeight" value="480"/>
          <property name="File/ImageWidth" value="640"/>
          <property name="System/FileModifyDate" value="2024:10:24 21:34:09"/>
          <property name="System/FileSize" value="484831"/>
        </meta>
      </photo>
    </camera>
    <camera camera_id="13">
      <photo path="../../../CameraPhoto/captured_images_2024-10-24_21-33-50/image_14.png">
        <meta>
          <property name="File/ImageHeight" value="480"/>
          <property name="File/ImageWidth" value="640"/>
          <property name="System/FileModifyDate" value="2024:10:24 21:34:10"/>
          <property name="System/FileSize" value="486780"/>
        </meta>
      </photo>
    </camera>
    <camera camera_id="14">
      <photo path="../../../CameraPhoto/captured_images_2024-10-24_21-33-50/image_15.png">
        <meta>
          <property name="File/ImageHeight" value="480"/>
          <property name="File/ImageWidth" value="640"/>
          <property name="System/FileModifyDate" value="2024:10:24 21:34:11"/>
          <property name="System/FileSize" value="484054"/>
        </meta>
      </photo>
    </camera>
    <camera camera_id="15">
      <photo path="../../../CameraPhoto/captured_images_2024-10-24_21-33-50/image_16.png">
        <meta>
          <property name="File/ImageHeight" value="480"/>
          <property name="File/ImageWidth" value="640"/>
          <property name="System/FileModifyDate" value="2024:10:24 21:34:12"/>
          <property name="System/FileSize" value="482551"/>
        </meta>
      </photo>
    </camera>
    <camera camera_id="16">
      <photo path="../../../CameraPhoto/captured_images_2024-10-24_21-33-50/image_17.png">
        <meta>
          <property name="File/ImageHeight" value="480"/>
          <property name="File/ImageWidth" value="640"/>
          <property name="System/FileModifyDate" value="2024:10:24 21:34:13"/>
          <property name="System/FileSize" value="480115"/>
        </meta>
      </photo>
    </camera>
    <camera camera_id="17">
      <photo path="../../../CameraPhoto/captured_images_2024-10-24_21-33-50/image_18.png">
        <meta>
          <property name="File/ImageHeight" value="480"/>
          <property name="File/ImageWidth" value="640"/>
          <property name="System/FileModifyDate" value="2024:10:24 21:34:14"/>
          <property name="System/FileSize" value="476569"/>
        </meta>
      </photo>
    </camera>
    <camera camera_id="18">
      <photo path="../../../CameraPhoto/captured_images_2024-10-24_21-33-50/image_19.png">
        <meta>
          <property name="File/ImageHeight" value="480"/>
          <property name="File/ImageWidth" value="640"/>
          <property name="System/FileModifyDate" value="2024:10:24 21:34:15"/>
          <property name="System/FileSize" value="470571"/>
        </meta>
      </photo>
    </camera>
    <camera camera_id="19">
      <photo path="../../../CameraPhoto/captured_images_2024-10-24_21-33-50/image_20.png">
        <meta>
          <property name="File/ImageHeight" value="480"/>
          <property name="File/ImageWidth" value="640"/>
          <property name="System/FileModifyDate" value="2024:10:24 21:34:16"/>
          <property name="System/FileSize" value="467166"/>
        </meta>
      </photo>
    </camera>
    <camera camera_id="20">
      <photo path="../../../CameraPhoto/captured_images_2024-10-24_21-33-50/image_21.png">
        <meta>
          <property name="File/ImageHeight" value="480"/>
          <property name="File/ImageWidth" value="640"/>
          <property name="System/FileModifyDate" value="2024:10:24 21:34:17"/>
          <property name="System/FileSize" value="461837"/>
        </meta>
      </photo>
    </camera>
    <camera camera_id="21">
      <photo path="../../../CameraPhoto/captured_images_2024-10-24_21-33-50/image_22.png">
        <meta>
          <property name="File/ImageHeight" value="480"/>
          <property name="File/ImageWidth" value="640"/>
          <property name="System/FileModifyDate" value="2024:10:24 21:34:18"/>
          <property name="System/FileSize" value="452902"/>
        </meta>
      </photo>
    </camera>
    <camera camera_id="22">
      <photo path="../../../CameraPhoto/captured_images_2024-10-24_21-33-50/image_23.png">
        <meta>
          <property name="File/ImageHeight" value="480"/>
          <property name="File/ImageWidth" value="640"/>
          <property name="System/FileModifyDate" value="2024:10:24 21:34:19"/>
          <property name="System/FileSize" value="446431"/>
        </meta>
      </photo>
    </camera>
    <camera camera_id="23">
      <photo path="../../../CameraPhoto/captured_images_2024-10-24_21-33-50/image_24.png">
        <meta>
          <property name="File/ImageHeight" value="480"/>
          <property name="File/ImageWidth" value="640"/>
          <property name="System/FileModifyDate" value="2024:10:24 21:34:20"/>
          <property name="System/FileSize" value="443761"/>
        </meta>
      </photo>
    </camera>
    <camera camera_id="24">
      <photo path="../../../CameraPhoto/captured_images_2024-10-24_21-33-50/image_25.png">
        <meta>
          <property name="File/ImageHeight" value="480"/>
          <property name="File/ImageWidth" value="640"/>
          <property name="System/FileModifyDate" value="2024:10:24 21:34:21"/>
          <property name="System/FileSize" value="443228"/>
        </meta>
      </photo>
    </camera>
    <camera camera_id="25">
      <photo path="../../../CameraPhoto/captured_images_2024-10-24_21-33-50/image_26.png">
        <meta>
          <property name="File/ImageHeight" value="480"/>
          <property name="File/ImageWidth" value="640"/>
          <property name="System/FileModifyDate" value="2024:10:24 21:34:22"/>
          <property name="System/FileSize" value="442876"/>
        </meta>
      </photo>
    </camera>
    <camera camera_id="26">
      <photo path="../../../CameraPhoto/captured_images_2024-10-24_21-33-50/image_27.png">
        <meta>
          <property name="File/ImageHeight" value="480"/>
          <property name="File/ImageWidth" value="640"/>
          <property name="System/FileModifyDate" value="2024:10:24 21:34:23"/>
          <property name="System/FileSize" value="442103"/>
        </meta>
      </photo>
    </camera>
    <camera camera_id="27">
      <photo path="../../../CameraPhoto/captured_images_2024-10-24_21-33-50/image_28.png">
        <meta>
          <property name="File/ImageHeight" value="480"/>
          <property name="File/ImageWidth" value="640"/>
          <property name="System/FileModifyDate" value="2024:10:24 21:34:24"/>
          <property name="System/FileSize" value="443241"/>
        </meta>
      </photo>
    </camera>
    <camera camera_id="28">
      <photo path="../../../CameraPhoto/captured_images_2024-10-24_21-33-50/image_29.png">
        <meta>
          <property name="File/ImageHeight" value="480"/>
          <property name="File/ImageWidth" value="640"/>
          <property name="System/FileModifyDate" value="2024:10:24 21:34:25"/>
          <property name="System/FileSize" value="440214"/>
        </meta>
      </photo>
    </camera>
    <camera camera_id="29">
      <photo path="../../../CameraPhoto/captured_images_2024-10-24_21-33-50/image_30.png">
        <meta>
          <property name="File/ImageHeight" value="480"/>
          <property name="File/ImageWidth" value="640"/>
          <property name="System/FileModifyDate" value="2024:10:24 21:34:26"/>
          <property name="System/FileSize" value="441171"/>
        </meta>
      </photo>
    </camera>
    <camera camera_id="30">
      <photo path="../../../CameraPhoto/captured_images_2024-10-24_21-33-50/image_31.png">
        <meta>
          <property name="File/ImageHeight" value="480"/>
          <property name="File/ImageWidth" value="640"/>
          <property name="System/FileModifyDate" value="2024:10:24 21:34:27"/>
          <property name="System/FileSize" value="443026"/>
        </meta>
      </photo>
    </camera>
    <camera camera_id="31">
      <photo path="../../../CameraPhoto/captured_images_2024-10-24_21-33-50/image_32.png">
        <meta>
          <property name="File/ImageHeight" value="480"/>
          <property name="File/ImageWidth" value="640"/>
          <property name="System/FileModifyDate" value="2024:10:24 21:34:28"/>
          <property name="System/FileSize" value="444073"/>
        </meta>
      </photo>
    </camera>
    <camera camera_id="32">
      <photo path="../../../CameraPhoto/captured_images_2024-10-24_21-33-50/image_33.png">
        <meta>
          <property name="File/ImageHeight" value="480"/>
          <property name="File/ImageWidth" value="640"/>
          <property name="System/FileModifyDate" value="2024:10:24 21:34:29"/>
          <property name="System/FileSize" value="443814"/>
        </meta>
      </photo>
    </camera>
    <camera camera_id="33">
      <photo path="../../../CameraPhoto/captured_images_2024-10-24_21-33-50/image_34.png">
        <meta>
          <property name="File/ImageHeight" value="480"/>
          <property name="File/ImageWidth" value="640"/>
          <property name="System/FileModifyDate" value="2024:10:24 21:34:30"/>
          <property name="System/FileSize" value="439018"/>
        </meta>
      </photo>
    </camera>
    <camera camera_id="34">
      <photo path="../../../CameraPhoto/captured_images_2024-10-24_21-33-50/image_35.png">
        <meta>
          <property name="File/ImageHeight" value="480"/>
          <property name="File/ImageWidth" value="640"/>
          <property name="System/FileModifyDate" value="2024:10:24 21:34:31"/>
          <property name="System/FileSize" value="439796"/>
        </meta>
      </photo>
    </camera>
    <camera camera_id="35">
      <photo path="../../../CameraPhoto/captured_images_2024-10-24_21-33-50/image_36.png">
        <meta>
          <property name="File/ImageHeight" value="480"/>
          <property name="File/ImageWidth" value="640"/>
          <property name="System/FileModifyDate" value="2024:10:24 21:34:32"/>
          <property name="System/FileSize" value="443189"/>
        </meta>
      </photo>
    </camera>
    <camera camera_id="36">
      <photo path="../../../CameraPhoto/captured_images_2024-10-24_21-33-50/image_37.png">
        <meta>
          <property name="File/ImageHeight" value="480"/>
          <property name="File/ImageWidth" value="640"/>
          <property name="System/FileModifyDate" value="2024:10:24 21:34:33"/>
          <property name="System/FileSize" value="445439"/>
        </meta>
      </photo>
    </camera>
    <camera camera_id="37">
      <photo path="../../../CameraPhoto/captured_images_2024-10-24_21-33-50/image_38.png">
        <meta>
          <property name="File/ImageHeight" value="480"/>
          <property name="File/ImageWidth" value="640"/>
          <property name="System/FileModifyDate" value="2024:10:24 21:34:34"/>
          <property name="System/FileSize" value="450789"/>
        </meta>
      </photo>
    </camera>
    <camera camera_id="38">
      <photo path="../../../CameraPhoto/captured_images_2024-10-24_21-33-50/image_39.png">
        <meta>
          <property name="File/ImageHeight" value="480"/>
          <property name="File/ImageWidth" value="640"/>
          <property name="System/FileModifyDate" value="2024:10:24 21:34:35"/>
          <property name="System/FileSize" value="452683"/>
        </meta>
      </photo>
    </camera>
    <camera camera_id="39">
      <photo path="../../../CameraPhoto/captured_images_2024-10-24_21-33-50/image_40.png">
        <meta>
          <property name="File/ImageHeight" value="480"/>
          <property name="File/ImageWidth" value="640"/>
          <property name="System/FileModifyDate" value="2024:10:24 21:34:36"/>
          <property name="System/FileSize" value="455280"/>
        </meta>
      </photo>
    </camera>
    <camera camera_id="40">
      <photo path="../../../CameraPhoto/captured_images_2024-10-24_21-33-50/image_41.png">
        <meta>
          <property name="File/ImageHeight" value="480"/>
          <property name="File/ImageWidth" value="640"/>
          <property name="System/FileModifyDate" value="2024:10:24 21:34:37"/>
          <property name="System/FileSize" value="457456"/>
        </meta>
      </photo>
    </camera>
    <camera camera_id="41">
      <photo path="../../../CameraPhoto/captured_images_2024-10-24_21-33-50/image_42.png">
        <meta>
          <property name="File/ImageHeight" value="480"/>
          <property name="File/ImageWidth" value="640"/>
          <property name="System/FileModifyDate" value="2024:10:24 21:34:38"/>
          <property name="System/FileSize" value="462921"/>
        </meta>
      </photo>
    </camera>
    <camera camera_id="42">
      <photo path="../../../CameraPhoto/captured_images_2024-10-24_21-33-50/image_43.png">
        <meta>
          <property name="File/ImageHeight" value="480"/>
          <property name="File/ImageWidth" value="640"/>
          <property name="System/FileModifyDate" value="2024:10:24 21:34:39"/>
          <property name="System/FileSize" value="465118"/>
        </meta>
      </photo>
    </camera>
    <camera camera_id="43">
      <photo path="../../../CameraPhoto/captured_images_2024-10-24_21-33-50/image_44.png">
        <meta>
          <property name="File/ImageHeight" value="480"/>
          <property name="File/ImageWidth" value="640"/>
          <property name="System/FileModifyDate" value="2024:10:24 21:34:40"/>
          <property name="System/FileSize" value="464370"/>
        </meta>
      </photo>
    </camera>
    <camera camera_id="44">
      <photo path="../../../CameraPhoto/captured_images_2024-10-24_21-33-50/image_45.png">
        <meta>
          <property name="File/ImageHeight" value="480"/>
          <property name="File/ImageWidth" value="640"/>
          <property name="System/FileModifyDate" value="2024:10:24 21:34:41"/>
          <property name="System/FileSize" value="465305"/>
        </meta>
      </photo>
    </camera>
    <camera camera_id="45">
      <photo path="../../../CameraPhoto/captured_images_2024-10-24_21-33-50/image_46.png">
        <meta>
          <property name="File/ImageHeight" value="480"/>
          <property name="File/ImageWidth" value="640"/>
          <property name="System/FileModifyDate" value="2024:10:24 21:34:42"/>
          <property name="System/FileSize" value="466004"/>
        </meta>
      </photo>
    </camera>
    <camera camera_id="46">
      <photo path="../../../CameraPhoto/captured_images_2024-10-24_21-33-50/image_47.png">
        <meta>
          <property name="File/ImageHeight" value="480"/>
          <property name="File/ImageWidth" value="640"/>
          <property name="System/FileModifyDate" value="2024:10:24 21:34:44"/>
          <property name="System/FileSize" value="468791"/>
        </meta>
      </photo>
    </camera>
    <camera camera_id="47">
      <photo path="../../../CameraPhoto/captured_images_2024-10-24_21-33-50/image_48.png">
        <meta>
          <property name="File/ImageHeight" value="480"/>
          <property name="File/ImageWidth" value="640"/>
          <property name="System/FileModifyDate" value="2024:10:24 21:34:45"/>
          <property name="System/FileSize" value="469402"/>
        </meta>
      </photo>
    </camera>
    <camera camera_id="48">
      <photo path="../../../CameraPhoto/captured_images_2024-10-24_21-33-50/image_49.png">
        <meta>
          <property name="File/ImageHeight" value="480"/>
          <property name="File/ImageWidth" value="640"/>
          <property name="System/FileModifyDate" value="2024:10:24 21:34:46"/>
          <property name="System/FileSize" value="470018"/>
        </meta>
      </photo>
    </camera>
    <camera camera_id="49">
      <photo path="../../../CameraPhoto/captured_images_2024-10-24_21-33-50/image_50.png">
        <meta>
          <property name="File/ImageHeight" value="480"/>
          <property name="File/ImageWidth" value="640"/>
          <property name="System/FileModifyDate" value="2024:10:24 21:34:47"/>
          <property name="System/FileSize" value="473574"/>
        </meta>
      </photo>
    </camera>
    <camera camera_id="50">
      <photo path="../../../CameraPhoto/captured_images_2024-10-24_21-33-50/image_51.png">
        <meta>
          <property name="File/ImageHeight" value="480"/>
          <property name="File/ImageWidth" value="640"/>
          <property name="System/FileModifyDate" value="2024:10:24 21:34:48"/>
          <property name="System/FileSize" value="471681"/>
        </meta>
      </photo>
    </camera>
    <camera camera_id="51">
      <photo path="../../../CameraPhoto/captured_images_2024-10-24_21-33-50/image_52.png">
        <meta>
          <property name="File/ImageHeight" value="480"/>
          <property name="File/ImageWidth" value="640"/>
          <property name="System/FileModifyDate" value="2024:10:24 21:34:49"/>
          <property name="System/FileSize" value="470811"/>
        </meta>
      </photo>
    </camera>
    <camera camera_id="52">
      <photo path="../../../CameraPhoto/captured_images_2024-10-24_21-33-50/image_53.png">
        <meta>
          <property name="File/ImageHeight" value="480"/>
          <property name="File/ImageWidth" value="640"/>
          <property name="System/FileModifyDate" value="2024:10:24 21:34:50"/>
          <property name="System/FileSize" value="474910"/>
        </meta>
      </photo>
    </camera>
    <camera camera_id="53">
      <photo path="../../../CameraPhoto/captured_images_2024-10-24_21-33-50/image_54.png">
        <meta>
          <property name="File/ImageHeight" value="480"/>
          <property name="File/ImageWidth" value="640"/>
          <property name="System/FileModifyDate" value="2024:10:24 21:34:51"/>
          <property name="System/FileSize" value="476499"/>
        </meta>
      </photo>
    </camera>
    <camera camera_id="54">
      <photo path="../../../CameraPhoto/captured_images_2024-10-24_21-33-50/image_55.png">
        <meta>
          <property name="File/ImageHeight" value="480"/>
          <property name="File/ImageWidth" value="640"/>
          <property name="System/FileModifyDate" value="2024:10:24 21:34:52"/>
          <property name="System/FileSize" value="477223"/>
        </meta>
      </photo>
    </camera>
    <camera camera_id="55">
      <photo path="../../../CameraPhoto/captured_images_2024-10-24_21-33-50/image_56.png">
        <meta>
          <property name="File/ImageHeight" value="480"/>
          <property name="File/ImageWidth" value="640"/>
          <property name="System/FileModifyDate" value="2024:10:24 21:34:53"/>
          <property name="System/FileSize" value="473638"/>
        </meta>
      </photo>
    </camera>
    <camera camera_id="56">
      <photo path="../../../CameraPhoto/captured_images_2024-10-24_21-33-50/image_57.png">
        <meta>
          <property name="File/ImageHeight" value="480"/>
          <property name="File/ImageWidth" value="640"/>
          <property name="System/FileModifyDate" value="2024:10:24 21:34:54"/>
          <property name="System/FileSize" value="479965"/>
        </meta>
      </photo>
    </camera>
    <camera camera_id="57">
      <photo path="../../../CameraPhoto/captured_images_2024-10-24_21-33-50/image_58.png">
        <meta>
          <property name="File/ImageHeight" value="480"/>
          <property name="File/ImageWidth" value="640"/>
          <property name="System/FileModifyDate" value="2024:10:24 21:34:55"/>
          <property name="System/FileSize" value="478612"/>
        </meta>
      </photo>
    </camera>
    <camera camera_id="58">
      <photo path="../../../CameraPhoto/captured_images_2024-10-24_21-33-50/image_59.png">
        <meta>
          <property name="File/ImageHeight" value="480"/>
          <property name="File/ImageWidth" value="640"/>
          <property name="System/FileModifyDate" value="2024:10:24 21:34:56"/>
          <property name="System/FileSize" value="484385"/>
        </meta>
      </photo>
    </camera>
    <camera camera_id="59">
      <photo path="../../../CameraPhoto/captured_images_2024-10-24_21-33-50/image_60.png">
        <meta>
          <property name="File/ImageHeight" value="480"/>
          <property name="File/ImageWidth" value="640"/>
          <property name="System/FileModifyDate" value="2024:10:24 21:34:57"/>
          <property name="System/FileSize" value="483037"/>
        </meta>
      </photo>
    </camera>
    <camera camera_id="60">
      <photo path="../../../CameraPhoto/captured_images_2024-10-24_21-33-50/image_61.png">
        <meta>
          <property name="File/ImageHeight" value="480"/>
          <property name="File/ImageWidth" value="640"/>
          <property name="System/FileModifyDate" value="2024:10:24 21:34:58"/>
          <property name="System/FileSize" value="485228"/>
        </meta>
      </photo>
    </camera>
    <camera camera_id="61">
      <photo path="../../../CameraPhoto/captured_images_2024-10-24_21-33-50/image_62.png">
        <meta>
          <property name="File/ImageHeight" value="480"/>
          <property name="File/ImageWidth" value="640"/>
          <property name="System/FileModifyDate" value="2024:10:24 21:34:59"/>
          <property name="System/FileSize" value="490765"/>
        </meta>
      </photo>
    </camera>
    <camera camera_id="62">
      <photo path="../../../CameraPhoto/captured_images_2024-10-24_21-33-50/image_63.png">
        <meta>
          <property name="File/ImageHeight" value="480"/>
          <property name="File/ImageWidth" value="640"/>
          <property name="System/FileModifyDate" value="2024:10:24 21:35:00"/>
          <property name="System/FileSize" value="491385"/>
        </meta>
      </photo>
    </camera>
    <camera camera_id="63">
      <photo path="../../../CameraPhoto/captured_images_2024-10-24_21-33-50/image_64.png">
        <meta>
          <property name="File/ImageHeight" value="480"/>
          <property name="File/ImageWidth" value="640"/>
          <property name="System/FileModifyDate" value="2024:10:24 21:35:01"/>
          <property name="System/FileSize" value="495910"/>
        </meta>
      </photo>
    </camera>
    <camera camera_id="64">
      <photo path="../../../CameraPhoto/captured_images_2024-10-24_21-33-50/image_65.png">
        <meta>
          <property name="File/ImageHeight" value="480"/>
          <property name="File/ImageWidth" value="640"/>
          <property name="System/FileModifyDate" value="2024:10:24 21:35:02"/>
          <property name="System/FileSize" value="495492"/>
        </meta>
      </photo>
    </camera>
    <camera camera_id="65">
      <photo path="../../../CameraPhoto/captured_images_2024-10-24_21-33-50/image_66.png">
        <meta>
          <property name="File/ImageHeight" value="480"/>
          <property name="File/ImageWidth" value="640"/>
          <property name="System/FileModifyDate" value="2024:10:24 21:35:03"/>
          <property name="System/FileSize" value="498940"/>
        </meta>
      </photo>
    </camera>
    <camera camera_id="66">
      <photo path="../../../CameraPhoto/captured_images_2024-10-24_21-33-50/image_67.png">
        <meta>
          <property name="File/ImageHeight" value="480"/>
          <property name="File/ImageWidth" value="640"/>
          <property name="System/FileModifyDate" value="2024:10:24 21:35:04"/>
          <property name="System/FileSize" value="498492"/>
        </meta>
      </photo>
    </camera>
    <camera camera_id="67">
      <photo path="../../../CameraPhoto/captured_images_2024-10-24_21-33-50/image_68.png">
        <meta>
          <property name="File/ImageHeight" value="480"/>
          <property name="File/ImageWidth" value="640"/>
          <property name="System/FileModifyDate" value="2024:10:24 21:35:05"/>
          <property name="System/FileSize" value="499938"/>
        </meta>
      </photo>
    </camera>
    <camera camera_id="68">
      <photo path="../../../CameraPhoto/captured_images_2024-10-24_21-33-50/image_69.png">
        <meta>
          <property name="File/ImageHeight" value="480"/>
          <property name="File/ImageWidth" value="640"/>
          <property name="System/FileModifyDate" value="2024:10:24 21:35:06"/>
          <property name="System/FileSize" value="495945"/>
        </meta>
      </photo>
    </camera>
    <camera camera_id="69">
      <photo path="../../../CameraPhoto/captured_images_2024-10-24_21-33-50/image_70.png">
        <meta>
          <property name="File/ImageHeight" value="480"/>
          <property name="File/ImageWidth" value="640"/>
          <property name="System/FileModifyDate" value="2024:10:24 21:35:07"/>
          <property name="System/FileSize" value="492570"/>
        </meta>
      </photo>
    </camera>
    <camera camera_id="70">
      <photo path="../../../CameraPhoto/captured_images_2024-10-24_21-33-50/image_71.png">
        <meta>
          <property name="File/ImageHeight" value="480"/>
          <property name="File/ImageWidth" value="640"/>
          <property name="System/FileModifyDate" value="2024:10:24 21:35:08"/>
          <property name="System/FileSize" value="490138"/>
        </meta>
      </photo>
    </camera>
    <camera camera_id="71">
      <photo path="../../../CameraPhoto/captured_images_2024-10-24_21-33-50/image_72.png">
        <meta>
          <property name="File/ImageHeight" value="480"/>
          <property name="File/ImageWidth" value="640"/>
          <property name="System/FileModifyDate" value="2024:10:24 21:35:09"/>
          <property name="System/FileSize" value="490091"/>
        </meta>
      </photo>
    </camera>
    <camera camera_id="72">
      <photo path="../../../CameraPhoto/captured_images_2024-10-24_21-33-50/image_73.png">
        <meta>
          <property name="File/ImageHeight" value="480"/>
          <property name="File/ImageWidth" value="640"/>
          <property name="System/FileModifyDate" value="2024:10:24 21:35:10"/>
          <property name="System/FileSize" value="484135"/>
        </meta>
      </photo>
    </camera>
    <camera camera_id="73">
      <photo path="../../../CameraPhoto/captured_images_2024-10-24_21-33-50/image_74.png">
        <meta>
          <property name="File/ImageHeight" value="480"/>
          <property name="File/ImageWidth" value="640"/>
          <property name="System/FileModifyDate" value="2024:10:24 21:35:11"/>
          <property name="System/FileSize" value="484546"/>
        </meta>
      </photo>
    </camera>
    <camera camera_id="74">
      <photo path="../../../CameraPhoto/captured_images_2024-10-24_21-33-50/image_75.png">
        <meta>
          <property name="File/ImageHeight" value="480"/>
          <property name="File/ImageWidth" value="640"/>
          <property name="System/FileModifyDate" value="2024:10:24 21:35:12"/>
          <property name="System/FileSize" value="487187"/>
        </meta>
      </photo>
    </camera>
    <camera camera_id="75">
      <photo path="../../../CameraPhoto/captured_images_2024-10-24_21-33-50/image_76.png">
        <meta>
          <property name="File/ImageHeight" value="480"/>
          <property name="File/ImageWidth" value="640"/>
          <property name="System/FileModifyDate" value="2024:10:24 21:35:13"/>
          <property name="System/FileSize" value="484124"/>
        </meta>
      </photo>
    </camera>
    <camera camera_id="76">
      <photo path="../../../CameraPhoto/captured_images_2024-10-24_21-33-50/image_77.png">
        <meta>
          <property name="File/ImageHeight" value="480"/>
          <property name="File/ImageWidth" value="640"/>
          <property name="System/FileModifyDate" value="2024:10:24 21:35:14"/>
          <property name="System/FileSize" value="481846"/>
        </meta>
      </photo>
    </camera>
    <camera camera_id="77">
      <photo path="../../../CameraPhoto/captured_images_2024-10-24_21-33-50/image_78.png">
        <meta>
          <property name="File/ImageHeight" value="480"/>
          <property name="File/ImageWidth" value="640"/>
          <property name="System/FileModifyDate" value="2024:10:24 21:35:15"/>
          <property name="System/FileSize" value="477461"/>
        </meta>
      </photo>
    </camera>
    <camera camera_id="78">
      <photo path="../../../CameraPhoto/captured_images_2024-10-24_21-33-50/image_79.png">
        <meta>
          <property name="File/ImageHeight" value="480"/>
          <property name="File/ImageWidth" value="640"/>
          <property name="System/FileModifyDate" value="2024:10:24 21:35:16"/>
          <property name="System/FileSize" value="477147"/>
        </meta>
      </photo>
    </camera>
    <camera camera_id="79">
      <photo path="../../../CameraPhoto/captured_images_2024-10-24_21-33-50/image_80.png">
        <meta>
          <property name="File/ImageHeight" value="480"/>
          <property name="File/ImageWidth" value="640"/>
          <property name="System/FileModifyDate" value="2024:10:24 21:35:17"/>
          <property name="System/FileSize" value="473420"/>
        </meta>
      </photo>
    </camera>
    <camera camera_id="80">
      <photo path="../../../CameraPhoto/captured_images_2024-10-24_21-33-50/image_81.png">
        <meta>
          <property name="File/ImageHeight" value="480"/>
          <property name="File/ImageWidth" value="640"/>
          <property name="System/FileModifyDate" value="2024:10:24 21:35:18"/>
          <property name="System/FileSize" value="477884"/>
        </meta>
      </photo>
    </camera>
    <camera camera_id="81">
      <photo path="../../../CameraPhoto/captured_images_2024-10-24_21-33-50/image_82.png">
        <meta>
          <property name="File/ImageHeight" value="480"/>
          <property name="File/ImageWidth" value="640"/>
          <property name="System/FileModifyDate" value="2024:10:24 21:35:19"/>
          <property name="System/FileSize" value="474090"/>
        </meta>
      </photo>
    </camera>
    <camera camera_id="82">
      <photo path="../../../CameraPhoto/captured_images_2024-10-24_21-33-50/image_83.png">
        <meta>
          <property name="File/ImageHeight" value="480"/>
          <property name="File/ImageWidth" value="640"/>
          <property name="System/FileModifyDate" value="2024:10:24 21:35:20"/>
          <property name="System/FileSize" value="470609"/>
        </meta>
      </photo>
    </camera>
    <camera camera_id="83">
      <photo path="../../../CameraPhoto/captured_images_2024-10-24_21-33-50/image_84.png">
        <meta>
          <property name="File/ImageHeight" value="480"/>
          <property name="File/ImageWidth" value="640"/>
          <property name="System/FileModifyDate" value="2024:10:24 21:35:21"/>
          <property name="System/FileSize" value="467511"/>
        </meta>
      </photo>
    </camera>
    <camera camera_id="84">
      <photo path="../../../CameraPhoto/captured_images_2024-10-24_21-33-50/image_85.png">
        <meta>
          <property name="File/ImageHeight" value="480"/>
          <property name="File/ImageWidth" value="640"/>
          <property name="System/FileModifyDate" value="2024:10:24 21:35:22"/>
          <property name="System/FileSize" value="464797"/>
        </meta>
      </photo>
    </camera>
    <camera camera_id="85">
      <photo path="../../../CameraPhoto/captured_images_2024-10-24_21-33-50/image_86.png">
        <meta>
          <property name="File/ImageHeight" value="480"/>
          <property name="File/ImageWidth" value="640"/>
          <property name="System/FileModifyDate" value="2024:10:24 21:35:23"/>
          <property name="System/FileSize" value="462126"/>
        </meta>
      </photo>
    </camera>
    <camera camera_id="86">
      <photo path="../../../CameraPhoto/captured_images_2024-10-24_21-33-50/image_87.png">
        <meta>
          <property name="File/ImageHeight" value="480"/>
          <property name="File/ImageWidth" value="640"/>
          <property name="System/FileModifyDate" value="2024:10:24 21:35:24"/>
          <property name="System/FileSize" value="457991"/>
        </meta>
      </photo>
    </camera>
    <camera camera_id="87">
      <photo path="../../../CameraPhoto/captured_images_2024-10-24_21-33-50/image_88.png">
        <meta>
          <property name="File/ImageHeight" value="480"/>
          <property name="File/ImageWidth" value="640"/>
          <property name="System/FileModifyDate" value="2024:10:24 21:35:25"/>
          <property name="System/FileSize" value="458008"/>
        </meta>
      </photo>
    </camera>
    <camera camera_id="88">
      <photo path="../../../CameraPhoto/captured_images_2024-10-24_21-33-50/image_89.png">
        <meta>
          <property name="File/ImageHeight" value="480"/>
          <property name="File/ImageWidth" value="640"/>
          <property name="System/FileModifyDate" value="2024:10:24 21:35:26"/>
          <property name="System/FileSize" value="455877"/>
        </meta>
      </photo>
    </camera>
    <camera camera_id="89">
      <photo path="../../../CameraPhoto/captured_images_2024-10-24_21-33-50/image_90.png">
        <meta>
          <property name="File/ImageHeight" value="480"/>
          <property name="File/ImageWidth" value="640"/>
          <property name="System/FileModifyDate" value="2024:10:24 21:35:27"/>
          <property name="System/FileSize" value="453793"/>
        </meta>
      </photo>
    </camera>
    <camera camera_id="90">
      <photo path="../../../CameraPhoto/captured_images_2024-10-24_21-33-50/image_91.png">
        <meta>
          <property name="File/ImageHeight" value="480"/>
          <property name="File/ImageWidth" value="640"/>
          <property name="System/FileModifyDate" value="2024:10:24 21:35:29"/>
          <property name="System/FileSize" value="453250"/>
        </meta>
      </photo>
    </camera>
    <camera camera_id="91">
      <photo path="../../../CameraPhoto/captured_images_2024-10-24_21-33-50/image_92.png">
        <meta>
          <property name="File/ImageHeight" value="480"/>
          <property name="File/ImageWidth" value="640"/>
          <property name="System/FileModifyDate" value="2024:10:24 21:35:30"/>
          <property name="System/FileSize" value="452289"/>
        </meta>
      </photo>
    </camera>
    <camera camera_id="92">
      <photo path="../../../CameraPhoto/captured_images_2024-10-24_21-33-50/image_93.png">
        <meta>
          <property name="File/ImageHeight" value="480"/>
          <property name="File/ImageWidth" value="640"/>
          <property name="System/FileModifyDate" value="2024:10:24 21:35:31"/>
          <property name="System/FileSize" value="451358"/>
        </meta>
      </photo>
    </camera>
    <camera camera_id="93">
      <photo path="../../../CameraPhoto/captured_images_2024-10-24_21-33-50/image_94.png">
        <meta>
          <property name="File/ImageHeight" value="480"/>
          <property name="File/ImageWidth" value="640"/>
          <property name="System/FileModifyDate" value="2024:10:24 21:35:32"/>
          <property name="System/FileSize" value="454252"/>
        </meta>
      </photo>
    </camera>
    <camera camera_id="94">
      <photo path="../../../CameraPhoto/captured_images_2024-10-24_21-33-50/image_95.png">
        <meta>
          <property name="File/ImageHeight" value="480"/>
          <property name="File/ImageWidth" value="640"/>
          <property name="System/FileModifyDate" value="2024:10:24 21:35:33"/>
          <property name="System/FileSize" value="457857"/>
        </meta>
      </photo>
    </camera>
    <camera camera_id="95">
      <photo path="../../../CameraPhoto/captured_images_2024-10-24_21-33-50/image_96.png">
        <meta>
          <property name="File/ImageHeight" value="480"/>
          <property name="File/ImageWidth" value="640"/>
          <property name="System/FileModifyDate" value="2024:10:24 21:35:34"/>
          <property name="System/FileSize" value="449088"/>
        </meta>
      </photo>
    </camera>
    <camera camera_id="96">
      <photo path="../../../CameraPhoto/captured_images_2024-10-24_21-33-50/image_97.png">
        <meta>
          <property name="File/ImageHeight" value="480"/>
          <property name="File/ImageWidth" value="640"/>
          <property name="System/FileModifyDate" value="2024:10:24 21:35:35"/>
          <property name="System/FileSize" value="444778"/>
        </meta>
      </photo>
    </camera>
    <camera camera_id="97">
      <photo path="../../../CameraPhoto/captured_images_2024-10-24_21-33-50/image_98.png">
        <meta>
          <property name="File/ImageHeight" value="480"/>
          <property name="File/ImageWidth" value="640"/>
          <property name="System/FileModifyDate" value="2024:10:24 21:35:36"/>
          <property name="System/FileSize" value="446768"/>
        </meta>
      </photo>
    </camera>
    <camera camera_id="98">
      <photo path="../../../CameraPhoto/captured_images_2024-10-24_21-33-50/image_99.png">
        <meta>
          <property name="File/ImageHeight" value="480"/>
          <property name="File/ImageWidth" value="640"/>
          <property name="System/FileModifyDate" value="2024:10:24 21:35:37"/>
          <property name="System/FileSize" value="448338"/>
        </meta>
      </photo>
    </camera>
    <camera camera_id="99">
      <photo path="../../../CameraPhoto/captured_images_2024-10-24_21-33-50/image_100.png">
        <meta>
          <property name="File/ImageHeight" value="480"/>
          <property name="File/ImageWidth" value="640"/>
          <property name="System/FileModifyDate" value="2024:10:24 21:35:38"/>
          <property name="System/FileSize" value="445609"/>
        </meta>
      </photo>
    </camera>
    <camera camera_id="100">
      <photo path="../../../CameraPhoto/captured_images_2024-10-24_21-33-50/image_101.png">
        <meta>
          <property name="File/ImageHeight" value="480"/>
          <property name="File/ImageWidth" value="640"/>
          <property name="System/FileModifyDate" value="2024:10:24 21:35:39"/>
          <property name="System/FileSize" value="447779"/>
        </meta>
      </photo>
    </camera>
    <camera camera_id="101">
      <photo path="../../../CameraPhoto/captured_images_2024-10-24_21-33-50/image_102.png">
        <meta>
          <property name="File/ImageHeight" value="480"/>
          <property name="File/ImageWidth" value="640"/>
          <property name="System/FileModifyDate" value="2024:10:24 21:35:40"/>
          <property name="System/FileSize" value="447717"/>
        </meta>
      </photo>
    </camera>
    <camera camera_id="102">
      <photo path="../../../CameraPhoto/captured_images_2024-10-24_21-33-50/image_103.png">
        <meta>
          <property name="File/ImageHeight" value="480"/>
          <property name="File/ImageWidth" value="640"/>
          <property name="System/FileModifyDate" value="2024:10:24 21:35:41"/>
          <property name="System/FileSize" value="446040"/>
        </meta>
      </photo>
    </camera>
    <camera camera_id="103">
      <photo path="../../../CameraPhoto/captured_images_2024-10-24_21-33-50/image_104.png">
        <meta>
          <property name="File/ImageHeight" value="480"/>
          <property name="File/ImageWidth" value="640"/>
          <property name="System/FileModifyDate" value="2024:10:24 21:35:42"/>
          <property name="System/FileSize" value="447771"/>
        </meta>
      </photo>
    </camera>
    <camera camera_id="104">
      <photo path="../../../CameraPhoto/captured_images_2024-10-24_21-33-50/image_105.png">
        <meta>
          <property name="File/ImageHeight" value="480"/>
          <property name="File/ImageWidth" value="640"/>
          <property name="System/FileModifyDate" value="2024:10:24 21:35:43"/>
          <property name="System/FileSize" value="449530"/>
        </meta>
      </photo>
    </camera>
    <camera camera_id="105">
      <photo path="../../../CameraPhoto/captured_images_2024-10-24_21-33-50/image_106.png">
        <meta>
          <property name="File/ImageHeight" value="480"/>
          <property name="File/ImageWidth" value="640"/>
          <property name="System/FileModifyDate" value="2024:10:24 21:35:44"/>
          <property name="System/FileSize" value="450940"/>
        </meta>
      </photo>
    </camera>
    <camera camera_id="106">
      <photo path="../../../CameraPhoto/captured_images_2024-10-24_21-33-50/image_107.png">
        <meta>
          <property name="File/ImageHeight" value="480"/>
          <property name="File/ImageWidth" value="640"/>
          <property name="System/FileModifyDate" value="2024:10:24 21:35:45"/>
          <property name="System/FileSize" value="453027"/>
        </meta>
      </photo>
    </camera>
    <camera camera_id="107">
      <photo path="../../../CameraPhoto/captured_images_2024-10-24_21-33-50/image_108.png">
        <meta>
          <property name="File/ImageHeight" value="480"/>
          <property name="File/ImageWidth" value="640"/>
          <property name="System/FileModifyDate" value="2024:10:24 21:35:46"/>
          <property name="System/FileSize" value="452327"/>
        </meta>
      </photo>
    </camera>
    <camera camera_id="108">
      <photo path="../../../CameraPhoto/captured_images_2024-10-24_21-33-50/image_109.png">
        <meta>
          <property name="File/ImageHeight" value="480"/>
          <property name="File/ImageWidth" value="640"/>
          <property name="System/FileModifyDate" value="2024:10:24 21:35:47"/>
          <property name="System/FileSize" value="452841"/>
        </meta>
      </photo>
    </camera>
    <camera camera_id="109">
      <photo path="../../../CameraPhoto/captured_images_2024-10-24_21-33-50/image_110.png">
        <meta>
          <property name="File/ImageHeight" value="480"/>
          <property name="File/ImageWidth" value="640"/>
          <property name="System/FileModifyDate" value="2024:10:24 21:35:48"/>
          <property name="System/FileSize" value="453791"/>
        </meta>
      </photo>
    </camera>
    <camera camera_id="110">
      <photo path="../../../CameraPhoto/captured_images_2024-10-24_21-33-50/image_111.png">
        <meta>
          <property name="File/ImageHeight" value="480"/>
          <property name="File/ImageWidth" value="640"/>
          <property name="System/FileModifyDate" value="2024:10:24 21:35:49"/>
          <property name="System/FileSize" value="454282"/>
        </meta>
      </photo>
    </camera>
    <camera camera_id="111">
      <photo path="../../../CameraPhoto/captured_images_2024-10-24_21-33-50/image_112.png">
        <meta>
          <property name="File/ImageHeight" value="480"/>
          <property name="File/ImageWidth" value="640"/>
          <property name="System/FileModifyDate" value="2024:10:24 21:35:50"/>
          <property name="System/FileSize" value="454837"/>
        </meta>
      </photo>
    </camera>
    <camera camera_id="112">
      <photo path="../../../CameraPhoto/captured_images_2024-10-24_21-33-50/image_113.png">
        <meta>
          <property name="File/ImageHeight" value="480"/>
          <property name="File/ImageWidth" value="640"/>
          <property name="System/FileModifyDate" value="2024:10:24 21:35:51"/>
          <property name="System/FileSize" value="454102"/>
        </meta>
      </photo>
    </camera>
    <camera camera_id="113">
      <photo path="../../../CameraPhoto/captured_images_2024-10-24_21-33-50/image_114.png">
        <meta>
          <property name="File/ImageHeight" value="480"/>
          <property name="File/ImageWidth" value="640"/>
          <property name="System/FileModifyDate" value="2024:10:24 21:35:52"/>
          <property name="System/FileSize" value="452869"/>
        </meta>
      </photo>
    </camera>
    <camera camera_id="114">
      <photo path="../../../CameraPhoto/captured_images_2024-10-24_21-33-50/image_115.png">
        <meta>
          <property name="File/ImageHeight" value="480"/>
          <property name="File/ImageWidth" value="640"/>
          <property name="System/FileModifyDate" value="2024:10:24 21:35:53"/>
          <property name="System/FileSize" value="453328"/>
        </meta>
      </photo>
    </camera>
    <camera camera_id="115">
      <photo path="../../../CameraPhoto/captured_images_2024-10-24_21-33-50/image_116.png">
        <meta>
          <property name="File/ImageHeight" value="480"/>
          <property name="File/ImageWidth" value="640"/>
          <property name="System/FileModifyDate" value="2024:10:24 21:35:54"/>
          <property name="System/FileSize" value="453997"/>
        </meta>
      </photo>
    </camera>
    <camera camera_id="116">
      <photo path="../../../CameraPhoto/captured_images_2024-10-24_21-33-50/image_117.png">
        <meta>
          <property name="File/ImageHeight" value="480"/>
          <property name="File/ImageWidth" value="640"/>
          <property name="System/FileModifyDate" value="2024:10:24 21:35:55"/>
          <property name="System/FileSize" value="455358"/>
        </meta>
      </photo>
    </camera>
    <camera camera_id="117">
      <photo path="../../../CameraPhoto/captured_images_2024-10-24_21-33-50/image_118.png">
        <meta>
          <property name="File/ImageHeight" value="480"/>
          <property name="File/ImageWidth" value="640"/>
          <property name="System/FileModifyDate" value="2024:10:24 21:35:56"/>
          <property name="System/FileSize" value="455716"/>
        </meta>
      </photo>
    </camera>
    <camera camera_id="118">
      <photo path="../../../CameraPhoto/captured_images_2024-10-24_21-33-50/image_119.png">
        <meta>
          <property name="File/ImageHeight" value="480"/>
          <property name="File/ImageWidth" value="640"/>
          <property name="System/FileModifyDate" value="2024:10:24 21:35:57"/>
          <property name="System/FileSize" value="458949"/>
        </meta>
      </photo>
    </camera>
    <camera camera_id="119">
      <photo path="../../../CameraPhoto/captured_images_2024-10-24_21-33-50/image_120.png">
        <meta>
          <property name="File/ImageHeight" value="480"/>
          <property name="File/ImageWidth" value="640"/>
          <property name="System/FileModifyDate" value="2024:10:24 21:35:58"/>
          <property name="System/FileSize" value="453338"/>
        </meta>
      </photo>
    </camera>
    <camera camera_id="120">
      <photo path="../../../CameraPhoto/captured_images_2024-10-24_21-33-50/image_121.png">
        <meta>
          <property name="File/ImageHeight" value="480"/>
          <property name="File/ImageWidth" value="640"/>
          <property name="System/FileModifyDate" value="2024:10:24 21:35:59"/>
          <property name="System/FileSize" value="458279"/>
        </meta>
      </photo>
    </camera>
    <camera camera_id="121">
      <photo path="../../../CameraPhoto/captured_images_2024-10-24_21-33-50/image_122.png">
        <meta>
          <property name="File/ImageHeight" value="480"/>
          <property name="File/ImageWidth" value="640"/>
          <property name="System/FileModifyDate" value="2024:10:24 21:36:00"/>
          <property name="System/FileSize" value="465815"/>
        </meta>
      </photo>
    </camera>
    <camera camera_id="122">
      <photo path="../../../CameraPhoto/captured_images_2024-10-24_21-33-50/image_123.png">
        <meta>
          <property name="File/ImageHeight" value="480"/>
          <property name="File/ImageWidth" value="640"/>
          <property name="System/FileModifyDate" value="2024:10:24 21:36:01"/>
          <property name="System/FileSize" value="466065"/>
        </meta>
      </photo>
    </camera>
    <camera camera_id="123">
      <photo path="../../../CameraPhoto/captured_images_2024-10-24_21-33-50/image_124.png">
        <meta>
          <property name="File/ImageHeight" value="480"/>
          <property name="File/ImageWidth" value="640"/>
          <property name="System/FileModifyDate" value="2024:10:24 21:36:02"/>
          <property name="System/FileSize" value="465207"/>
        </meta>
      </photo>
    </camera>
    <camera camera_id="124">
      <photo path="../../../CameraPhoto/captured_images_2024-10-24_21-33-50/image_125.png">
        <meta>
          <property name="File/ImageHeight" value="480"/>
          <property name="File/ImageWidth" value="640"/>
          <property name="System/FileModifyDate" value="2024:10:24 21:36:03"/>
          <property name="System/FileSize" value="464885"/>
        </meta>
      </photo>
    </camera>
    <camera camera_id="125">
      <photo path="../../../CameraPhoto/captured_images_2024-10-24_21-33-50/image_126.png">
        <meta>
          <property name="File/ImageHeight" value="480"/>
          <property name="File/ImageWidth" value="640"/>
          <property name="System/FileModifyDate" value="2024:10:24 21:36:04"/>
          <property name="System/FileSize" value="466371"/>
        </meta>
      </photo>
    </camera>
    <camera camera_id="126">
      <photo path="../../../CameraPhoto/captured_images_2024-10-24_21-33-50/image_127.png">
        <meta>
          <property name="File/ImageHeight" value="480"/>
          <property name="File/ImageWidth" value="640"/>
          <property name="System/FileModifyDate" value="2024:10:24 21:36:05"/>
          <property name="System/FileSize" value="469481"/>
        </meta>
      </photo>
    </camera>
    <camera camera_id="127">
      <photo path="../../../CameraPhoto/captured_images_2024-10-24_21-33-50/image_128.png">
        <meta>
          <property name="File/ImageHeight" value="480"/>
          <property name="File/ImageWidth" value="640"/>
          <property name="System/FileModifyDate" value="2024:10:24 21:36:06"/>
          <property name="System/FileSize" value="469440"/>
        </meta>
      </photo>
    </camera>
    <camera camera_id="128">
      <photo path="../../../CameraPhoto/captured_images_2024-10-24_21-33-50/image_129.png">
        <meta>
          <property name="File/ImageHeight" value="480"/>
          <property name="File/ImageWidth" value="640"/>
          <property name="System/FileModifyDate" value="2024:10:24 21:36:07"/>
          <property name="System/FileSize" value="470234"/>
        </meta>
      </photo>
    </camera>
    <camera camera_id="129">
      <photo path="../../../CameraPhoto/captured_images_2024-10-24_21-33-50/image_130.png">
        <meta>
          <property name="File/ImageHeight" value="480"/>
          <property name="File/ImageWidth" value="640"/>
          <property name="System/FileModifyDate" value="2024:10:24 21:36:08"/>
          <property name="System/FileSize" value="471094"/>
        </meta>
      </photo>
    </camera>
    <camera camera_id="130">
      <photo path="../../../CameraPhoto/captured_images_2024-10-24_21-33-50/image_131.png">
        <meta>
          <property name="File/ImageHeight" value="480"/>
          <property name="File/ImageWidth" value="640"/>
          <property name="System/FileModifyDate" value="2024:10:24 21:36:09"/>
          <property name="System/FileSize" value="470072"/>
        </meta>
      </photo>
    </camera>
    <camera camera_id="131">
      <photo path="../../../CameraPhoto/captured_images_2024-10-24_21-33-50/image_132.png">
        <meta>
          <property name="File/ImageHeight" value="480"/>
          <property name="File/ImageWidth" value="640"/>
          <property name="System/FileModifyDate" value="2024:10:24 21:36:10"/>
          <property name="System/FileSize" value="471904"/>
        </meta>
      </photo>
    </camera>
    <camera camera_id="132">
      <photo path="../../../CameraPhoto/captured_images_2024-10-24_21-33-50/image_133.png">
        <meta>
          <property name="File/ImageHeight" value="480"/>
          <property name="File/ImageWidth" value="640"/>
          <property name="System/FileModifyDate" value="2024:10:24 21:36:11"/>
          <property name="System/FileSize" value="471316"/>
        </meta>
      </photo>
    </camera>
    <camera camera_id="133">
      <photo path="../../../CameraPhoto/captured_images_2024-10-24_21-33-50/image_134.png">
        <meta>
          <property name="File/ImageHeight" value="480"/>
          <property name="File/ImageWidth" value="640"/>
          <property name="System/FileModifyDate" value="2024:10:24 21:36:12"/>
          <property name="System/FileSize" value="474885"/>
        </meta>
      </photo>
    </camera>
    <camera camera_id="134">
      <photo path="../../../CameraPhoto/captured_images_2024-10-24_21-33-50/image_135.png">
        <meta>
          <property name="File/ImageHeight" value="480"/>
          <property name="File/ImageWidth" value="640"/>
          <property name="System/FileModifyDate" value="2024:10:24 21:36:14"/>
          <property name="System/FileSize" value="474054"/>
        </meta>
      </photo>
    </camera>
    <camera camera_id="135">
      <photo path="../../../CameraPhoto/captured_images_2024-10-24_21-33-50/image_136.png">
        <meta>
          <property name="File/ImageHeight" value="480"/>
          <property name="File/ImageWidth" value="640"/>
          <property name="System/FileModifyDate" value="2024:10:24 21:36:15"/>
          <property name="System/FileSize" value="478676"/>
        </meta>
      </photo>
    </camera>
    <camera camera_id="136">
      <photo path="../../../CameraPhoto/captured_images_2024-10-24_21-33-50/image_137.png">
        <meta>
          <property name="File/ImageHeight" value="480"/>
          <property name="File/ImageWidth" value="640"/>
          <property name="System/FileModifyDate" value="2024:10:24 21:36:16"/>
          <property name="System/FileSize" value="481387"/>
        </meta>
      </photo>
    </camera>
    <camera camera_id="137">
      <photo path="../../../CameraPhoto/captured_images_2024-10-24_21-33-50/image_138.png">
        <meta>
          <property name="File/ImageHeight" value="480"/>
          <property name="File/ImageWidth" value="640"/>
          <property name="System/FileModifyDate" value="2024:10:24 21:36:17"/>
          <property name="System/FileSize" value="475078"/>
        </meta>
      </photo>
    </camera>
    <camera camera_id="138">
      <photo path="../../../CameraPhoto/captured_images_2024-10-24_21-33-50/image_139.png">
        <meta>
          <property name="File/ImageHeight" value="480"/>
          <property name="File/ImageWidth" value="640"/>
          <property name="System/FileModifyDate" value="2024:10:24 21:36:18"/>
          <property name="System/FileSize" value="475679"/>
        </meta>
      </photo>
    </camera>
    <camera camera_id="139">
      <photo path="../../../CameraPhoto/captured_images_2024-10-24_21-33-50/image_140.png">
        <meta>
          <property name="File/ImageHeight" value="480"/>
          <property name="File/ImageWidth" value="640"/>
          <property name="System/FileModifyDate" value="2024:10:24 21:36:19"/>
          <property name="System/FileSize" value="480174"/>
        </meta>
      </photo>
    </camera>
    <camera camera_id="140">
      <photo path="../../../CameraPhoto/captured_images_2024-10-24_21-33-50/image_141.png">
        <meta>
          <property name="File/ImageHeight" value="480"/>
          <property name="File/ImageWidth" value="640"/>
          <property name="System/FileModifyDate" value="2024:10:24 21:36:20"/>
          <property name="System/FileSize" value="483125"/>
        </meta>
      </photo>
    </camera>
    <camera camera_id="141">
      <photo path="../../../CameraPhoto/captured_images_2024-10-24_21-33-50/image_142.png">
        <meta>
          <property name="File/ImageHeight" value="480"/>
          <property name="File/ImageWidth" value="640"/>
          <property name="System/FileModifyDate" value="2024:10:24 21:36:21"/>
          <property name="System/FileSize" value="479941"/>
        </meta>
      </photo>
    </camera>
    <camera camera_id="142">
      <photo path="../../../CameraPhoto/captured_images_2024-10-24_21-33-50/image_143.png">
        <meta>
          <property name="File/ImageHeight" value="480"/>
          <property name="File/ImageWidth" value="640"/>
          <property name="System/FileModifyDate" value="2024:10:24 21:36:22"/>
          <property name="System/FileSize" value="485100"/>
        </meta>
      </photo>
    </camera>
    <camera camera_id="143">
      <photo path="../../../CameraPhoto/captured_images_2024-10-24_21-33-50/image_144.png">
        <meta>
          <property name="File/ImageHeight" value="480"/>
          <property name="File/ImageWidth" value="640"/>
          <property name="System/FileModifyDate" value="2024:10:24 21:36:23"/>
          <property name="System/FileSize" value="488443"/>
        </meta>
      </photo>
    </camera>
    <camera camera_id="144">
      <photo path="../../../CameraPhoto/captured_images_2024-10-24_21-33-50/image_145.png">
        <meta>
          <property name="File/ImageHeight" value="480"/>
          <property name="File/ImageWidth" value="640"/>
          <property name="System/FileModifyDate" value="2024:10:24 21:36:24"/>
          <property name="System/FileSize" value="488915"/>
        </meta>
      </photo>
    </camera>
    <camera camera_id="145">
      <photo path="../../../CameraPhoto/captured_images_2024-10-24_21-33-50/image_146.png">
        <meta>
          <property name="File/ImageHeight" value="480"/>
          <property name="File/ImageWidth" value="640"/>
          <property name="System/FileModifyDate" value="2024:10:24 21:36:25"/>
          <property name="System/FileSize" value="490185"/>
        </meta>
      </photo>
    </camera>
    <camera camera_id="146">
      <photo path="../../../CameraPhoto/captured_images_2024-10-24_21-33-50/image_147.png">
        <meta>
          <property name="File/ImageHeight" value="480"/>
          <property name="File/ImageWidth" value="640"/>
          <property name="System/FileModifyDate" value="2024:10:24 21:36:26"/>
          <property name="System/FileSize" value="491797"/>
        </meta>
      </photo>
    </camera>
    <camera camera_id="147">
      <photo path="../../../CameraPhoto/captured_images_2024-10-24_21-33-50/image_148.png">
        <meta>
          <property name="File/ImageHeight" value="480"/>
          <property name="File/ImageWidth" value="640"/>
          <property name="System/FileModifyDate" value="2024:10:24 21:36:27"/>
          <property name="System/FileSize" value="494449"/>
        </meta>
      </photo>
    </camera>
    <camera camera_id="148">
      <photo path="../../../CameraPhoto/captured_images_2024-10-24_21-33-50/image_149.png">
        <meta>
          <property name="File/ImageHeight" value="480"/>
          <property name="File/ImageWidth" value="640"/>
          <property name="System/FileModifyDate" value="2024:10:24 21:36:28"/>
          <property name="System/FileSize" value="497817"/>
        </meta>
      </photo>
    </camera>
    <camera camera_id="149">
      <photo path="../../../CameraPhoto/captured_images_2024-10-24_21-33-50/image_150.png">
        <meta>
          <property name="File/ImageHeight" value="480"/>
          <property name="File/ImageWidth" value="640"/>
          <property name="System/FileModifyDate" value="2024:10:24 21:36:29"/>
          <property name="System/FileSize" value="500786"/>
        </meta>
      </photo>
    </camera>
  </cameras>
  <thumbnails path="thumbnails/thumbnails.zip"/>
  <point_cloud path="point_cloud/point_cloud.zip"/>
  <depth_maps id="0" path="depth_maps/depth_maps.zip"/>
  <model id="0" path="model/model.zip"/>
</frame>
