<?xml version="1.0" encoding="UTF-8"?>
<frame version="1.2.0">
  <cameras>
    <camera camera_id="0">
      <photo path="../../../CameraPhoto/captured_images_2024-10-24_20-57-03/image_1.png">
        <meta>
          <property name="File/ImageHeight" value="480"/>
          <property name="File/ImageWidth" value="640"/>
          <property name="System/FileModifyDate" value="2024:10:24 20:57:10"/>
          <property name="System/FileSize" value="356603"/>
        </meta>
      </photo>
    </camera>
    <camera camera_id="1">
      <photo path="../../../CameraPhoto/captured_images_2024-10-24_20-57-03/image_2.png">
        <meta>
          <property name="File/ImageHeight" value="480"/>
          <property name="File/ImageWidth" value="640"/>
          <property name="System/FileModifyDate" value="2024:10:24 20:57:11"/>
          <property name="System/FileSize" value="502889"/>
        </meta>
      </photo>
    </camera>
    <camera camera_id="2">
      <photo path="../../../CameraPhoto/captured_images_2024-10-24_20-57-03/image_3.png">
        <meta>
          <property name="File/ImageHeight" value="480"/>
          <property name="File/ImageWidth" value="640"/>
          <property name="System/FileModifyDate" value="2024:10:24 20:57:12"/>
          <property name="System/FileSize" value="534656"/>
        </meta>
      </photo>
    </camera>
    <camera camera_id="3">
      <photo path="../../../CameraPhoto/captured_images_2024-10-24_20-57-03/image_4.png">
        <meta>
          <property name="File/ImageHeight" value="480"/>
          <property name="File/ImageWidth" value="640"/>
          <property name="System/FileModifyDate" value="2024:10:24 20:57:13"/>
          <property name="System/FileSize" value="500585"/>
        </meta>
      </photo>
    </camera>
    <camera camera_id="4">
      <photo path="../../../CameraPhoto/captured_images_2024-10-24_20-57-03/image_5.png">
        <meta>
          <property name="File/ImageHeight" value="480"/>
          <property name="File/ImageWidth" value="640"/>
          <property name="System/FileModifyDate" value="2024:10:24 20:57:14"/>
          <property name="System/FileSize" value="475087"/>
        </meta>
      </photo>
    </camera>
    <camera camera_id="5">
      <photo path="../../../CameraPhoto/captured_images_2024-10-24_20-57-03/image_6.png">
        <meta>
          <property name="File/ImageHeight" value="480"/>
          <property name="File/ImageWidth" value="640"/>
          <property name="System/FileModifyDate" value="2024:10:24 20:57:15"/>
          <property name="System/FileSize" value="475662"/>
        </meta>
      </photo>
    </camera>
    <camera camera_id="6">
      <photo path="../../../CameraPhoto/captured_images_2024-10-24_20-57-03/image_7.png">
        <meta>
          <property name="File/ImageHeight" value="480"/>
          <property name="File/ImageWidth" value="640"/>
          <property name="System/FileModifyDate" value="2024:10:24 20:57:16"/>
          <property name="System/FileSize" value="475729"/>
        </meta>
      </photo>
    </camera>
    <camera camera_id="7">
      <photo path="../../../CameraPhoto/captured_images_2024-10-24_20-57-03/image_8.png">
        <meta>
          <property name="File/ImageHeight" value="480"/>
          <property name="File/ImageWidth" value="640"/>
          <property name="System/FileModifyDate" value="2024:10:24 20:57:17"/>
          <property name="System/FileSize" value="487194"/>
        </meta>
      </photo>
    </camera>
    <camera camera_id="8">
      <photo path="../../../CameraPhoto/captured_images_2024-10-24_20-57-03/image_9.png">
        <meta>
          <property name="File/ImageHeight" value="480"/>
          <property name="File/ImageWidth" value="640"/>
          <property name="System/FileModifyDate" value="2024:10:24 20:57:18"/>
          <property name="System/FileSize" value="492689"/>
        </meta>
      </photo>
    </camera>
    <camera camera_id="9">
      <photo path="../../../CameraPhoto/captured_images_2024-10-24_20-57-03/image_10.png">
        <meta>
          <property name="File/ImageHeight" value="480"/>
          <property name="File/ImageWidth" value="640"/>
          <property name="System/FileModifyDate" value="2024:10:24 20:57:19"/>
          <property name="System/FileSize" value="495607"/>
        </meta>
      </photo>
    </camera>
    <camera camera_id="10">
      <photo path="../../../CameraPhoto/captured_images_2024-10-24_20-57-03/image_11.png">
        <meta>
          <property name="File/ImageHeight" value="480"/>
          <property name="File/ImageWidth" value="640"/>
          <property name="System/FileModifyDate" value="2024:10:24 20:57:20"/>
          <property name="System/FileSize" value="494198"/>
        </meta>
      </photo>
    </camera>
    <camera camera_id="11">
      <photo path="../../../CameraPhoto/captured_images_2024-10-24_20-57-03/image_12.png">
        <meta>
          <property name="File/ImageHeight" value="480"/>
          <property name="File/ImageWidth" value="640"/>
          <property name="System/FileModifyDate" value="2024:10:24 20:57:21"/>
          <property name="System/FileSize" value="494282"/>
        </meta>
      </photo>
    </camera>
    <camera camera_id="12">
      <photo path="../../../CameraPhoto/captured_images_2024-10-24_20-57-03/image_13.png">
        <meta>
          <property name="File/ImageHeight" value="480"/>
          <property name="File/ImageWidth" value="640"/>
          <property name="System/FileModifyDate" value="2024:10:24 20:57:22"/>
          <property name="System/FileSize" value="495475"/>
        </meta>
      </photo>
    </camera>
    <camera camera_id="13">
      <photo path="../../../CameraPhoto/captured_images_2024-10-24_20-57-03/image_14.png">
        <meta>
          <property name="File/ImageHeight" value="480"/>
          <property name="File/ImageWidth" value="640"/>
          <property name="System/FileModifyDate" value="2024:10:24 20:57:23"/>
          <property name="System/FileSize" value="495237"/>
        </meta>
      </photo>
    </camera>
    <camera camera_id="14">
      <photo path="../../../CameraPhoto/captured_images_2024-10-24_20-57-03/image_15.png">
        <meta>
          <property name="File/ImageHeight" value="480"/>
          <property name="File/ImageWidth" value="640"/>
          <property name="System/FileModifyDate" value="2024:10:24 20:57:24"/>
          <property name="System/FileSize" value="495033"/>
        </meta>
      </photo>
    </camera>
    <camera camera_id="15">
      <photo path="../../../CameraPhoto/captured_images_2024-10-24_20-57-03/image_16.png">
        <meta>
          <property name="File/ImageHeight" value="480"/>
          <property name="File/ImageWidth" value="640"/>
          <property name="System/FileModifyDate" value="2024:10:24 20:57:25"/>
          <property name="System/FileSize" value="498862"/>
        </meta>
      </photo>
    </camera>
    <camera camera_id="16">
      <photo path="../../../CameraPhoto/captured_images_2024-10-24_20-57-03/image_17.png">
        <meta>
          <property name="File/ImageHeight" value="480"/>
          <property name="File/ImageWidth" value="640"/>
          <property name="System/FileModifyDate" value="2024:10:24 20:57:26"/>
          <property name="System/FileSize" value="498679"/>
        </meta>
      </photo>
    </camera>
    <camera camera_id="17">
      <photo path="../../../CameraPhoto/captured_images_2024-10-24_20-57-03/image_18.png">
        <meta>
          <property name="File/ImageHeight" value="480"/>
          <property name="File/ImageWidth" value="640"/>
          <property name="System/FileModifyDate" value="2024:10:24 20:57:27"/>
          <property name="System/FileSize" value="499148"/>
        </meta>
      </photo>
    </camera>
    <camera camera_id="18">
      <photo path="../../../CameraPhoto/captured_images_2024-10-24_20-57-03/image_19.png">
        <meta>
          <property name="File/ImageHeight" value="480"/>
          <property name="File/ImageWidth" value="640"/>
          <property name="System/FileModifyDate" value="2024:10:24 20:57:28"/>
          <property name="System/FileSize" value="495561"/>
        </meta>
      </photo>
    </camera>
    <camera camera_id="19">
      <photo path="../../../CameraPhoto/captured_images_2024-10-24_20-57-03/image_20.png">
        <meta>
          <property name="File/ImageHeight" value="480"/>
          <property name="File/ImageWidth" value="640"/>
          <property name="System/FileModifyDate" value="2024:10:24 20:57:29"/>
          <property name="System/FileSize" value="496918"/>
        </meta>
      </photo>
    </camera>
    <camera camera_id="20">
      <photo path="../../../CameraPhoto/captured_images_2024-10-24_20-57-03/image_21.png">
        <meta>
          <property name="File/ImageHeight" value="480"/>
          <property name="File/ImageWidth" value="640"/>
          <property name="System/FileModifyDate" value="2024:10:24 20:57:30"/>
          <property name="System/FileSize" value="496180"/>
        </meta>
      </photo>
    </camera>
    <camera camera_id="21">
      <photo path="../../../CameraPhoto/captured_images_2024-10-24_20-57-03/image_22.png">
        <meta>
          <property name="File/ImageHeight" value="480"/>
          <property name="File/ImageWidth" value="640"/>
          <property name="System/FileModifyDate" value="2024:10:24 20:57:31"/>
          <property name="System/FileSize" value="492489"/>
        </meta>
      </photo>
    </camera>
    <camera camera_id="22">
      <photo path="../../../CameraPhoto/captured_images_2024-10-24_20-57-03/image_23.png">
        <meta>
          <property name="File/ImageHeight" value="480"/>
          <property name="File/ImageWidth" value="640"/>
          <property name="System/FileModifyDate" value="2024:10:24 20:57:32"/>
          <property name="System/FileSize" value="495885"/>
        </meta>
      </photo>
    </camera>
    <camera camera_id="23">
      <photo path="../../../CameraPhoto/captured_images_2024-10-24_20-57-03/image_24.png">
        <meta>
          <property name="File/ImageHeight" value="480"/>
          <property name="File/ImageWidth" value="640"/>
          <property name="System/FileModifyDate" value="2024:10:24 20:57:33"/>
          <property name="System/FileSize" value="489240"/>
        </meta>
      </photo>
    </camera>
    <camera camera_id="24">
      <photo path="../../../CameraPhoto/captured_images_2024-10-24_20-57-03/image_25.png">
        <meta>
          <property name="File/ImageHeight" value="480"/>
          <property name="File/ImageWidth" value="640"/>
          <property name="System/FileModifyDate" value="2024:10:24 20:57:34"/>
          <property name="System/FileSize" value="490774"/>
        </meta>
      </photo>
    </camera>
    <camera camera_id="25">
      <photo path="../../../CameraPhoto/captured_images_2024-10-24_20-57-03/image_26.png">
        <meta>
          <property name="File/ImageHeight" value="480"/>
          <property name="File/ImageWidth" value="640"/>
          <property name="System/FileModifyDate" value="2024:10:24 20:57:35"/>
          <property name="System/FileSize" value="488899"/>
        </meta>
      </photo>
    </camera>
    <camera camera_id="26">
      <photo path="../../../CameraPhoto/captured_images_2024-10-24_20-57-03/image_27.png">
        <meta>
          <property name="File/ImageHeight" value="480"/>
          <property name="File/ImageWidth" value="640"/>
          <property name="System/FileModifyDate" value="2024:10:24 20:57:36"/>
          <property name="System/FileSize" value="490310"/>
        </meta>
      </photo>
    </camera>
    <camera camera_id="27">
      <photo path="../../../CameraPhoto/captured_images_2024-10-24_20-57-03/image_28.png">
        <meta>
          <property name="File/ImageHeight" value="480"/>
          <property name="File/ImageWidth" value="640"/>
          <property name="System/FileModifyDate" value="2024:10:24 20:57:37"/>
          <property name="System/FileSize" value="493372"/>
        </meta>
      </photo>
    </camera>
    <camera camera_id="28">
      <photo path="../../../CameraPhoto/captured_images_2024-10-24_20-57-03/image_29.png">
        <meta>
          <property name="File/ImageHeight" value="480"/>
          <property name="File/ImageWidth" value="640"/>
          <property name="System/FileModifyDate" value="2024:10:24 20:57:39"/>
          <property name="System/FileSize" value="492167"/>
        </meta>
      </photo>
    </camera>
    <camera camera_id="29">
      <photo path="../../../CameraPhoto/captured_images_2024-10-24_20-57-03/image_30.png">
        <meta>
          <property name="File/ImageHeight" value="480"/>
          <property name="File/ImageWidth" value="640"/>
          <property name="System/FileModifyDate" value="2024:10:24 20:57:40"/>
          <property name="System/FileSize" value="489975"/>
        </meta>
      </photo>
    </camera>
    <camera camera_id="30">
      <photo path="../../../CameraPhoto/captured_images_2024-10-24_20-57-03/image_31.png">
        <meta>
          <property name="File/ImageHeight" value="480"/>
          <property name="File/ImageWidth" value="640"/>
          <property name="System/FileModifyDate" value="2024:10:24 20:57:41"/>
          <property name="System/FileSize" value="488580"/>
        </meta>
      </photo>
    </camera>
    <camera camera_id="31">
      <photo path="../../../CameraPhoto/captured_images_2024-10-24_20-57-03/image_32.png">
        <meta>
          <property name="File/ImageHeight" value="480"/>
          <property name="File/ImageWidth" value="640"/>
          <property name="System/FileModifyDate" value="2024:10:24 20:57:42"/>
          <property name="System/FileSize" value="494467"/>
        </meta>
      </photo>
    </camera>
    <camera camera_id="32">
      <photo path="../../../CameraPhoto/captured_images_2024-10-24_20-57-03/image_33.png">
        <meta>
          <property name="File/ImageHeight" value="480"/>
          <property name="File/ImageWidth" value="640"/>
          <property name="System/FileModifyDate" value="2024:10:24 20:57:43"/>
          <property name="System/FileSize" value="492837"/>
        </meta>
      </photo>
    </camera>
    <camera camera_id="33">
      <photo path="../../../CameraPhoto/captured_images_2024-10-24_20-57-03/image_34.png">
        <meta>
          <property name="File/ImageHeight" value="480"/>
          <property name="File/ImageWidth" value="640"/>
          <property name="System/FileModifyDate" value="2024:10:24 20:57:44"/>
          <property name="System/FileSize" value="492446"/>
        </meta>
      </photo>
    </camera>
    <camera camera_id="34">
      <photo path="../../../CameraPhoto/captured_images_2024-10-24_20-57-03/image_35.png">
        <meta>
          <property name="File/ImageHeight" value="480"/>
          <property name="File/ImageWidth" value="640"/>
          <property name="System/FileModifyDate" value="2024:10:24 20:57:45"/>
          <property name="System/FileSize" value="493077"/>
        </meta>
      </photo>
    </camera>
    <camera camera_id="35">
      <photo path="../../../CameraPhoto/captured_images_2024-10-24_20-57-03/image_36.png">
        <meta>
          <property name="File/ImageHeight" value="480"/>
          <property name="File/ImageWidth" value="640"/>
          <property name="System/FileModifyDate" value="2024:10:24 20:57:46"/>
          <property name="System/FileSize" value="489645"/>
        </meta>
      </photo>
    </camera>
    <camera camera_id="36">
      <photo path="../../../CameraPhoto/captured_images_2024-10-24_20-57-03/image_37.png">
        <meta>
          <property name="File/ImageHeight" value="480"/>
          <property name="File/ImageWidth" value="640"/>
          <property name="System/FileModifyDate" value="2024:10:24 20:57:47"/>
          <property name="System/FileSize" value="493745"/>
        </meta>
      </photo>
    </camera>
    <camera camera_id="37">
      <photo path="../../../CameraPhoto/captured_images_2024-10-24_20-57-03/image_38.png">
        <meta>
          <property name="File/ImageHeight" value="480"/>
          <property name="File/ImageWidth" value="640"/>
          <property name="System/FileModifyDate" value="2024:10:24 20:57:48"/>
          <property name="System/FileSize" value="493257"/>
        </meta>
      </photo>
    </camera>
    <camera camera_id="38">
      <photo path="../../../CameraPhoto/captured_images_2024-10-24_20-57-03/image_39.png">
        <meta>
          <property name="File/ImageHeight" value="480"/>
          <property name="File/ImageWidth" value="640"/>
          <property name="System/FileModifyDate" value="2024:10:24 20:57:49"/>
          <property name="System/FileSize" value="492726"/>
        </meta>
      </photo>
    </camera>
    <camera camera_id="39">
      <photo path="../../../CameraPhoto/captured_images_2024-10-24_20-57-03/image_40.png">
        <meta>
          <property name="File/ImageHeight" value="480"/>
          <property name="File/ImageWidth" value="640"/>
          <property name="System/FileModifyDate" value="2024:10:24 20:57:50"/>
          <property name="System/FileSize" value="492683"/>
        </meta>
      </photo>
    </camera>
    <camera camera_id="40">
      <photo path="../../../CameraPhoto/captured_images_2024-10-24_20-57-03/image_41.png">
        <meta>
          <property name="File/ImageHeight" value="480"/>
          <property name="File/ImageWidth" value="640"/>
          <property name="System/FileModifyDate" value="2024:10:24 20:57:51"/>
          <property name="System/FileSize" value="491534"/>
        </meta>
      </photo>
    </camera>
    <camera camera_id="41">
      <photo path="../../../CameraPhoto/captured_images_2024-10-24_20-57-03/image_42.png">
        <meta>
          <property name="File/ImageHeight" value="480"/>
          <property name="File/ImageWidth" value="640"/>
          <property name="System/FileModifyDate" value="2024:10:24 20:57:52"/>
          <property name="System/FileSize" value="491261"/>
        </meta>
      </photo>
    </camera>
    <camera camera_id="42">
      <photo path="../../../CameraPhoto/captured_images_2024-10-24_20-57-03/image_43.png">
        <meta>
          <property name="File/ImageHeight" value="480"/>
          <property name="File/ImageWidth" value="640"/>
          <property name="System/FileModifyDate" value="2024:10:24 20:57:53"/>
          <property name="System/FileSize" value="488586"/>
        </meta>
      </photo>
    </camera>
    <camera camera_id="43">
      <photo path="../../../CameraPhoto/captured_images_2024-10-24_20-57-03/image_44.png">
        <meta>
          <property name="File/ImageHeight" value="480"/>
          <property name="File/ImageWidth" value="640"/>
          <property name="System/FileModifyDate" value="2024:10:24 20:57:54"/>
          <property name="System/FileSize" value="489499"/>
        </meta>
      </photo>
    </camera>
    <camera camera_id="44">
      <photo path="../../../CameraPhoto/captured_images_2024-10-24_20-57-03/image_45.png">
        <meta>
          <property name="File/ImageHeight" value="480"/>
          <property name="File/ImageWidth" value="640"/>
          <property name="System/FileModifyDate" value="2024:10:24 20:57:55"/>
          <property name="System/FileSize" value="486904"/>
        </meta>
      </photo>
    </camera>
    <camera camera_id="45">
      <photo path="../../../CameraPhoto/captured_images_2024-10-24_20-57-03/image_46.png">
        <meta>
          <property name="File/ImageHeight" value="480"/>
          <property name="File/ImageWidth" value="640"/>
          <property name="System/FileModifyDate" value="2024:10:24 20:57:56"/>
          <property name="System/FileSize" value="492638"/>
        </meta>
      </photo>
    </camera>
    <camera camera_id="46">
      <photo path="../../../CameraPhoto/captured_images_2024-10-24_20-57-03/image_47.png">
        <meta>
          <property name="File/ImageHeight" value="480"/>
          <property name="File/ImageWidth" value="640"/>
          <property name="System/FileModifyDate" value="2024:10:24 20:57:57"/>
          <property name="System/FileSize" value="492110"/>
        </meta>
      </photo>
    </camera>
    <camera camera_id="47">
      <photo path="../../../CameraPhoto/captured_images_2024-10-24_20-57-03/image_48.png">
        <meta>
          <property name="File/ImageHeight" value="480"/>
          <property name="File/ImageWidth" value="640"/>
          <property name="System/FileModifyDate" value="2024:10:24 20:57:58"/>
          <property name="System/FileSize" value="492554"/>
        </meta>
      </photo>
    </camera>
    <camera camera_id="48">
      <photo path="../../../CameraPhoto/captured_images_2024-10-24_20-57-03/image_49.png">
        <meta>
          <property name="File/ImageHeight" value="480"/>
          <property name="File/ImageWidth" value="640"/>
          <property name="System/FileModifyDate" value="2024:10:24 20:57:59"/>
          <property name="System/FileSize" value="492323"/>
        </meta>
      </photo>
    </camera>
    <camera camera_id="49">
      <photo path="../../../CameraPhoto/captured_images_2024-10-24_20-57-03/image_50.png">
        <meta>
          <property name="File/ImageHeight" value="480"/>
          <property name="File/ImageWidth" value="640"/>
          <property name="System/FileModifyDate" value="2024:10:24 20:58:00"/>
          <property name="System/FileSize" value="494040"/>
        </meta>
      </photo>
    </camera>
    <camera camera_id="50">
      <photo path="../../../CameraPhoto/captured_images_2024-10-24_20-57-03/image_51.png">
        <meta>
          <property name="File/ImageHeight" value="480"/>
          <property name="File/ImageWidth" value="640"/>
          <property name="System/FileModifyDate" value="2024:10:24 20:58:01"/>
          <property name="System/FileSize" value="494644"/>
        </meta>
      </photo>
    </camera>
    <camera camera_id="51">
      <photo path="../../../CameraPhoto/captured_images_2024-10-24_20-57-03/image_52.png">
        <meta>
          <property name="File/ImageHeight" value="480"/>
          <property name="File/ImageWidth" value="640"/>
          <property name="System/FileModifyDate" value="2024:10:24 20:58:02"/>
          <property name="System/FileSize" value="493829"/>
        </meta>
      </photo>
    </camera>
    <camera camera_id="52">
      <photo path="../../../CameraPhoto/captured_images_2024-10-24_20-57-03/image_53.png">
        <meta>
          <property name="File/ImageHeight" value="480"/>
          <property name="File/ImageWidth" value="640"/>
          <property name="System/FileModifyDate" value="2024:10:24 20:58:03"/>
          <property name="System/FileSize" value="495105"/>
        </meta>
      </photo>
    </camera>
    <camera camera_id="53">
      <photo path="../../../CameraPhoto/captured_images_2024-10-24_20-57-03/image_54.png">
        <meta>
          <property name="File/ImageHeight" value="480"/>
          <property name="File/ImageWidth" value="640"/>
          <property name="System/FileModifyDate" value="2024:10:24 20:58:04"/>
          <property name="System/FileSize" value="496470"/>
        </meta>
      </photo>
    </camera>
    <camera camera_id="54">
      <photo path="../../../CameraPhoto/captured_images_2024-10-24_20-57-03/image_55.png">
        <meta>
          <property name="File/ImageHeight" value="480"/>
          <property name="File/ImageWidth" value="640"/>
          <property name="System/FileModifyDate" value="2024:10:24 20:58:05"/>
          <property name="System/FileSize" value="493570"/>
        </meta>
      </photo>
    </camera>
    <camera camera_id="55">
      <photo path="../../../CameraPhoto/captured_images_2024-10-24_20-57-03/image_56.png">
        <meta>
          <property name="File/ImageHeight" value="480"/>
          <property name="File/ImageWidth" value="640"/>
          <property name="System/FileModifyDate" value="2024:10:24 20:58:06"/>
          <property name="System/FileSize" value="492320"/>
        </meta>
      </photo>
    </camera>
    <camera camera_id="56">
      <photo path="../../../CameraPhoto/captured_images_2024-10-24_20-57-03/image_57.png">
        <meta>
          <property name="File/ImageHeight" value="480"/>
          <property name="File/ImageWidth" value="640"/>
          <property name="System/FileModifyDate" value="2024:10:24 20:58:07"/>
          <property name="System/FileSize" value="493522"/>
        </meta>
      </photo>
    </camera>
    <camera camera_id="57">
      <photo path="../../../CameraPhoto/captured_images_2024-10-24_20-57-03/image_58.png">
        <meta>
          <property name="File/ImageHeight" value="480"/>
          <property name="File/ImageWidth" value="640"/>
          <property name="System/FileModifyDate" value="2024:10:24 20:58:08"/>
          <property name="System/FileSize" value="493543"/>
        </meta>
      </photo>
    </camera>
    <camera camera_id="58">
      <photo path="../../../CameraPhoto/captured_images_2024-10-24_20-57-03/image_59.png">
        <meta>
          <property name="File/ImageHeight" value="480"/>
          <property name="File/ImageWidth" value="640"/>
          <property name="System/FileModifyDate" value="2024:10:24 20:58:09"/>
          <property name="System/FileSize" value="498548"/>
        </meta>
      </photo>
    </camera>
    <camera camera_id="59">
      <photo path="../../../CameraPhoto/captured_images_2024-10-24_20-57-03/image_60.png">
        <meta>
          <property name="File/ImageHeight" value="480"/>
          <property name="File/ImageWidth" value="640"/>
          <property name="System/FileModifyDate" value="2024:10:24 20:58:10"/>
          <property name="System/FileSize" value="499273"/>
        </meta>
      </photo>
    </camera>
    <camera camera_id="60">
      <photo path="../../../CameraPhoto/captured_images_2024-10-24_20-57-03/image_61.png">
        <meta>
          <property name="File/ImageHeight" value="480"/>
          <property name="File/ImageWidth" value="640"/>
          <property name="System/FileModifyDate" value="2024:10:24 20:58:11"/>
          <property name="System/FileSize" value="498348"/>
        </meta>
      </photo>
    </camera>
    <camera camera_id="61">
      <photo path="../../../CameraPhoto/captured_images_2024-10-24_20-57-03/image_62.png">
        <meta>
          <property name="File/ImageHeight" value="480"/>
          <property name="File/ImageWidth" value="640"/>
          <property name="System/FileModifyDate" value="2024:10:24 20:58:13"/>
          <property name="System/FileSize" value="499790"/>
        </meta>
      </photo>
    </camera>
    <camera camera_id="62">
      <photo path="../../../CameraPhoto/captured_images_2024-10-24_20-57-03/image_63.png">
        <meta>
          <property name="File/ImageHeight" value="480"/>
          <property name="File/ImageWidth" value="640"/>
          <property name="System/FileModifyDate" value="2024:10:24 20:58:14"/>
          <property name="System/FileSize" value="498865"/>
        </meta>
      </photo>
    </camera>
    <camera camera_id="63">
      <photo path="../../../CameraPhoto/captured_images_2024-10-24_20-57-03/image_64.png">
        <meta>
          <property name="File/ImageHeight" value="480"/>
          <property name="File/ImageWidth" value="640"/>
          <property name="System/FileModifyDate" value="2024:10:24 20:58:15"/>
          <property name="System/FileSize" value="498328"/>
        </meta>
      </photo>
    </camera>
    <camera camera_id="64">
      <photo path="../../../CameraPhoto/captured_images_2024-10-24_20-57-03/image_65.png">
        <meta>
          <property name="File/ImageHeight" value="480"/>
          <property name="File/ImageWidth" value="640"/>
          <property name="System/FileModifyDate" value="2024:10:24 20:58:16"/>
          <property name="System/FileSize" value="497316"/>
        </meta>
      </photo>
    </camera>
    <camera camera_id="65">
      <photo path="../../../CameraPhoto/captured_images_2024-10-24_20-57-03/image_66.png">
        <meta>
          <property name="File/ImageHeight" value="480"/>
          <property name="File/ImageWidth" value="640"/>
          <property name="System/FileModifyDate" value="2024:10:24 20:58:17"/>
          <property name="System/FileSize" value="497921"/>
        </meta>
      </photo>
    </camera>
    <camera camera_id="66">
      <photo path="../../../CameraPhoto/captured_images_2024-10-24_20-57-03/image_67.png">
        <meta>
          <property name="File/ImageHeight" value="480"/>
          <property name="File/ImageWidth" value="640"/>
          <property name="System/FileModifyDate" value="2024:10:24 20:58:18"/>
          <property name="System/FileSize" value="496316"/>
        </meta>
      </photo>
    </camera>
    <camera camera_id="67">
      <photo path="../../../CameraPhoto/captured_images_2024-10-24_20-57-03/image_68.png">
        <meta>
          <property name="File/ImageHeight" value="480"/>
          <property name="File/ImageWidth" value="640"/>
          <property name="System/FileModifyDate" value="2024:10:24 20:58:19"/>
          <property name="System/FileSize" value="496958"/>
        </meta>
      </photo>
    </camera>
    <camera camera_id="68">
      <photo path="../../../CameraPhoto/captured_images_2024-10-24_20-57-03/image_69.png">
        <meta>
          <property name="File/ImageHeight" value="480"/>
          <property name="File/ImageWidth" value="640"/>
          <property name="System/FileModifyDate" value="2024:10:24 20:58:20"/>
          <property name="System/FileSize" value="499501"/>
        </meta>
      </photo>
    </camera>
    <camera camera_id="69">
      <photo path="../../../CameraPhoto/captured_images_2024-10-24_20-57-03/image_70.png">
        <meta>
          <property name="File/ImageHeight" value="480"/>
          <property name="File/ImageWidth" value="640"/>
          <property name="System/FileModifyDate" value="2024:10:24 20:58:21"/>
          <property name="System/FileSize" value="499672"/>
        </meta>
      </photo>
    </camera>
    <camera camera_id="70">
      <photo path="../../../CameraPhoto/captured_images_2024-10-24_20-57-03/image_71.png">
        <meta>
          <property name="File/ImageHeight" value="480"/>
          <property name="File/ImageWidth" value="640"/>
          <property name="System/FileModifyDate" value="2024:10:24 20:58:22"/>
          <property name="System/FileSize" value="505514"/>
        </meta>
      </photo>
    </camera>
    <camera camera_id="71">
      <photo path="../../../CameraPhoto/captured_images_2024-10-24_20-57-03/image_72.png">
        <meta>
          <property name="File/ImageHeight" value="480"/>
          <property name="File/ImageWidth" value="640"/>
          <property name="System/FileModifyDate" value="2024:10:24 20:58:23"/>
          <property name="System/FileSize" value="504816"/>
        </meta>
      </photo>
    </camera>
    <camera camera_id="72">
      <photo path="../../../CameraPhoto/captured_images_2024-10-24_20-57-03/image_73.png">
        <meta>
          <property name="File/ImageHeight" value="480"/>
          <property name="File/ImageWidth" value="640"/>
          <property name="System/FileModifyDate" value="2024:10:24 20:58:24"/>
          <property name="System/FileSize" value="507467"/>
        </meta>
      </photo>
    </camera>
    <camera camera_id="73">
      <photo path="../../../CameraPhoto/captured_images_2024-10-24_20-57-03/image_74.png">
        <meta>
          <property name="File/ImageHeight" value="480"/>
          <property name="File/ImageWidth" value="640"/>
          <property name="System/FileModifyDate" value="2024:10:24 20:58:25"/>
          <property name="System/FileSize" value="508155"/>
        </meta>
      </photo>
    </camera>
    <camera camera_id="74">
      <photo path="../../../CameraPhoto/captured_images_2024-10-24_20-57-03/image_75.png">
        <meta>
          <property name="File/ImageHeight" value="480"/>
          <property name="File/ImageWidth" value="640"/>
          <property name="System/FileModifyDate" value="2024:10:24 20:58:26"/>
          <property name="System/FileSize" value="509539"/>
        </meta>
      </photo>
    </camera>
    <camera camera_id="75">
      <photo path="../../../CameraPhoto/captured_images_2024-10-24_20-57-03/image_76.png">
        <meta>
          <property name="File/ImageHeight" value="480"/>
          <property name="File/ImageWidth" value="640"/>
          <property name="System/FileModifyDate" value="2024:10:24 20:58:27"/>
          <property name="System/FileSize" value="510301"/>
        </meta>
      </photo>
    </camera>
    <camera camera_id="76">
      <photo path="../../../CameraPhoto/captured_images_2024-10-24_20-57-03/image_77.png">
        <meta>
          <property name="File/ImageHeight" value="480"/>
          <property name="File/ImageWidth" value="640"/>
          <property name="System/FileModifyDate" value="2024:10:24 20:58:28"/>
          <property name="System/FileSize" value="508817"/>
        </meta>
      </photo>
    </camera>
    <camera camera_id="77">
      <photo path="../../../CameraPhoto/captured_images_2024-10-24_20-57-03/image_78.png">
        <meta>
          <property name="File/ImageHeight" value="480"/>
          <property name="File/ImageWidth" value="640"/>
          <property name="System/FileModifyDate" value="2024:10:24 20:58:29"/>
          <property name="System/FileSize" value="509255"/>
        </meta>
      </photo>
    </camera>
    <camera camera_id="78">
      <photo path="../../../CameraPhoto/captured_images_2024-10-24_20-57-03/image_79.png">
        <meta>
          <property name="File/ImageHeight" value="480"/>
          <property name="File/ImageWidth" value="640"/>
          <property name="System/FileModifyDate" value="2024:10:24 20:58:30"/>
          <property name="System/FileSize" value="511077"/>
        </meta>
      </photo>
    </camera>
    <camera camera_id="79">
      <photo path="../../../CameraPhoto/captured_images_2024-10-24_20-57-03/image_80.png">
        <meta>
          <property name="File/ImageHeight" value="480"/>
          <property name="File/ImageWidth" value="640"/>
          <property name="System/FileModifyDate" value="2024:10:24 20:58:31"/>
          <property name="System/FileSize" value="510823"/>
        </meta>
      </photo>
    </camera>
    <camera camera_id="80">
      <photo path="../../../CameraPhoto/captured_images_2024-10-24_20-57-03/image_81.png">
        <meta>
          <property name="File/ImageHeight" value="480"/>
          <property name="File/ImageWidth" value="640"/>
          <property name="System/FileModifyDate" value="2024:10:24 20:58:32"/>
          <property name="System/FileSize" value="510677"/>
        </meta>
      </photo>
    </camera>
    <camera camera_id="81">
      <photo path="../../../CameraPhoto/captured_images_2024-10-24_20-57-03/image_82.png">
        <meta>
          <property name="File/ImageHeight" value="480"/>
          <property name="File/ImageWidth" value="640"/>
          <property name="System/FileModifyDate" value="2024:10:24 20:58:33"/>
          <property name="System/FileSize" value="509301"/>
        </meta>
      </photo>
    </camera>
    <camera camera_id="82">
      <photo path="../../../CameraPhoto/captured_images_2024-10-24_20-57-03/image_83.png">
        <meta>
          <property name="File/ImageHeight" value="480"/>
          <property name="File/ImageWidth" value="640"/>
          <property name="System/FileModifyDate" value="2024:10:24 20:58:34"/>
          <property name="System/FileSize" value="511674"/>
        </meta>
      </photo>
    </camera>
    <camera camera_id="83">
      <photo path="../../../CameraPhoto/captured_images_2024-10-24_20-57-03/image_84.png">
        <meta>
          <property name="File/ImageHeight" value="480"/>
          <property name="File/ImageWidth" value="640"/>
          <property name="System/FileModifyDate" value="2024:10:24 20:58:35"/>
          <property name="System/FileSize" value="510927"/>
        </meta>
      </photo>
    </camera>
    <camera camera_id="84">
      <photo path="../../../CameraPhoto/captured_images_2024-10-24_20-57-03/image_85.png">
        <meta>
          <property name="File/ImageHeight" value="480"/>
          <property name="File/ImageWidth" value="640"/>
          <property name="System/FileModifyDate" value="2024:10:24 20:58:36"/>
          <property name="System/FileSize" value="513137"/>
        </meta>
      </photo>
    </camera>
    <camera camera_id="85">
      <photo path="../../../CameraPhoto/captured_images_2024-10-24_20-57-03/image_86.png">
        <meta>
          <property name="File/ImageHeight" value="480"/>
          <property name="File/ImageWidth" value="640"/>
          <property name="System/FileModifyDate" value="2024:10:24 20:58:37"/>
          <property name="System/FileSize" value="512075"/>
        </meta>
      </photo>
    </camera>
    <camera camera_id="86">
      <photo path="../../../CameraPhoto/captured_images_2024-10-24_20-57-03/image_87.png">
        <meta>
          <property name="File/ImageHeight" value="480"/>
          <property name="File/ImageWidth" value="640"/>
          <property name="System/FileModifyDate" value="2024:10:24 20:58:38"/>
          <property name="System/FileSize" value="513581"/>
        </meta>
      </photo>
    </camera>
    <camera camera_id="87">
      <photo path="../../../CameraPhoto/captured_images_2024-10-24_20-57-03/image_88.png">
        <meta>
          <property name="File/ImageHeight" value="480"/>
          <property name="File/ImageWidth" value="640"/>
          <property name="System/FileModifyDate" value="2024:10:24 20:58:39"/>
          <property name="System/FileSize" value="511263"/>
        </meta>
      </photo>
    </camera>
    <camera camera_id="88">
      <photo path="../../../CameraPhoto/captured_images_2024-10-24_20-57-03/image_89.png">
        <meta>
          <property name="File/ImageHeight" value="480"/>
          <property name="File/ImageWidth" value="640"/>
          <property name="System/FileModifyDate" value="2024:10:24 20:58:40"/>
          <property name="System/FileSize" value="510692"/>
        </meta>
      </photo>
    </camera>
    <camera camera_id="89">
      <photo path="../../../CameraPhoto/captured_images_2024-10-24_20-57-03/image_90.png">
        <meta>
          <property name="File/ImageHeight" value="480"/>
          <property name="File/ImageWidth" value="640"/>
          <property name="System/FileModifyDate" value="2024:10:24 20:58:41"/>
          <property name="System/FileSize" value="510032"/>
        </meta>
      </photo>
    </camera>
    <camera camera_id="90">
      <photo path="../../../CameraPhoto/captured_images_2024-10-24_20-57-03/image_91.png">
        <meta>
          <property name="File/ImageHeight" value="480"/>
          <property name="File/ImageWidth" value="640"/>
          <property name="System/FileModifyDate" value="2024:10:24 20:58:42"/>
          <property name="System/FileSize" value="509096"/>
        </meta>
      </photo>
    </camera>
    <camera camera_id="91">
      <photo path="../../../CameraPhoto/captured_images_2024-10-24_20-57-03/image_92.png">
        <meta>
          <property name="File/ImageHeight" value="480"/>
          <property name="File/ImageWidth" value="640"/>
          <property name="System/FileModifyDate" value="2024:10:24 20:58:43"/>
          <property name="System/FileSize" value="507701"/>
        </meta>
      </photo>
    </camera>
    <camera camera_id="92">
      <photo path="../../../CameraPhoto/captured_images_2024-10-24_20-57-03/image_93.png">
        <meta>
          <property name="File/ImageHeight" value="480"/>
          <property name="File/ImageWidth" value="640"/>
          <property name="System/FileModifyDate" value="2024:10:24 20:58:44"/>
          <property name="System/FileSize" value="508149"/>
        </meta>
      </photo>
    </camera>
    <camera camera_id="93">
      <photo path="../../../CameraPhoto/captured_images_2024-10-24_20-57-03/image_94.png">
        <meta>
          <property name="File/ImageHeight" value="480"/>
          <property name="File/ImageWidth" value="640"/>
          <property name="System/FileModifyDate" value="2024:10:24 20:58:45"/>
          <property name="System/FileSize" value="505647"/>
        </meta>
      </photo>
    </camera>
    <camera camera_id="94">
      <photo path="../../../CameraPhoto/captured_images_2024-10-24_20-57-03/image_95.png">
        <meta>
          <property name="File/ImageHeight" value="480"/>
          <property name="File/ImageWidth" value="640"/>
          <property name="System/FileModifyDate" value="2024:10:24 20:58:46"/>
          <property name="System/FileSize" value="501370"/>
        </meta>
      </photo>
    </camera>
    <camera camera_id="95">
      <photo path="../../../CameraPhoto/captured_images_2024-10-24_20-57-03/image_96.png">
        <meta>
          <property name="File/ImageHeight" value="480"/>
          <property name="File/ImageWidth" value="640"/>
          <property name="System/FileModifyDate" value="2024:10:24 20:58:47"/>
          <property name="System/FileSize" value="500111"/>
        </meta>
      </photo>
    </camera>
    <camera camera_id="96">
      <photo path="../../../CameraPhoto/captured_images_2024-10-24_20-57-03/image_97.png">
        <meta>
          <property name="File/ImageHeight" value="480"/>
          <property name="File/ImageWidth" value="640"/>
          <property name="System/FileModifyDate" value="2024:10:24 20:58:49"/>
          <property name="System/FileSize" value="497448"/>
        </meta>
      </photo>
    </camera>
    <camera camera_id="97">
      <photo path="../../../CameraPhoto/captured_images_2024-10-24_20-57-03/image_98.png">
        <meta>
          <property name="File/ImageHeight" value="480"/>
          <property name="File/ImageWidth" value="640"/>
          <property name="System/FileModifyDate" value="2024:10:24 20:58:50"/>
          <property name="System/FileSize" value="496707"/>
        </meta>
      </photo>
    </camera>
    <camera camera_id="98">
      <photo path="../../../CameraPhoto/captured_images_2024-10-24_20-57-03/image_99.png">
        <meta>
          <property name="File/ImageHeight" value="480"/>
          <property name="File/ImageWidth" value="640"/>
          <property name="System/FileModifyDate" value="2024:10:24 20:58:51"/>
          <property name="System/FileSize" value="496591"/>
        </meta>
      </photo>
    </camera>
    <camera camera_id="99">
      <photo path="../../../CameraPhoto/captured_images_2024-10-24_20-57-03/image_100.png">
        <meta>
          <property name="File/ImageHeight" value="480"/>
          <property name="File/ImageWidth" value="640"/>
          <property name="System/FileModifyDate" value="2024:10:24 20:58:52"/>
          <property name="System/FileSize" value="496495"/>
        </meta>
      </photo>
    </camera>
    <camera camera_id="100">
      <photo path="../../../CameraPhoto/captured_images_2024-10-24_20-57-03/image_101.png">
        <meta>
          <property name="File/ImageHeight" value="480"/>
          <property name="File/ImageWidth" value="640"/>
          <property name="System/FileModifyDate" value="2024:10:24 20:58:53"/>
          <property name="System/FileSize" value="491344"/>
        </meta>
      </photo>
    </camera>
    <camera camera_id="101">
      <photo path="../../../CameraPhoto/captured_images_2024-10-24_20-57-03/image_102.png">
        <meta>
          <property name="File/ImageHeight" value="480"/>
          <property name="File/ImageWidth" value="640"/>
          <property name="System/FileModifyDate" value="2024:10:24 20:58:54"/>
          <property name="System/FileSize" value="491224"/>
        </meta>
      </photo>
    </camera>
    <camera camera_id="102">
      <photo path="../../../CameraPhoto/captured_images_2024-10-24_20-57-03/image_103.png">
        <meta>
          <property name="File/ImageHeight" value="480"/>
          <property name="File/ImageWidth" value="640"/>
          <property name="System/FileModifyDate" value="2024:10:24 20:58:55"/>
          <property name="System/FileSize" value="490175"/>
        </meta>
      </photo>
    </camera>
    <camera camera_id="103">
      <photo path="../../../CameraPhoto/captured_images_2024-10-24_20-57-03/image_104.png">
        <meta>
          <property name="File/ImageHeight" value="480"/>
          <property name="File/ImageWidth" value="640"/>
          <property name="System/FileModifyDate" value="2024:10:24 20:58:56"/>
          <property name="System/FileSize" value="489476"/>
        </meta>
      </photo>
    </camera>
    <camera camera_id="104">
      <photo path="../../../CameraPhoto/captured_images_2024-10-24_20-57-03/image_105.png">
        <meta>
          <property name="File/ImageHeight" value="480"/>
          <property name="File/ImageWidth" value="640"/>
          <property name="System/FileModifyDate" value="2024:10:24 20:58:57"/>
          <property name="System/FileSize" value="487806"/>
        </meta>
      </photo>
    </camera>
    <camera camera_id="105">
      <photo path="../../../CameraPhoto/captured_images_2024-10-24_20-57-03/image_106.png">
        <meta>
          <property name="File/ImageHeight" value="480"/>
          <property name="File/ImageWidth" value="640"/>
          <property name="System/FileModifyDate" value="2024:10:24 20:58:58"/>
          <property name="System/FileSize" value="489336"/>
        </meta>
      </photo>
    </camera>
    <camera camera_id="106">
      <photo path="../../../CameraPhoto/captured_images_2024-10-24_20-57-03/image_107.png">
        <meta>
          <property name="File/ImageHeight" value="480"/>
          <property name="File/ImageWidth" value="640"/>
          <property name="System/FileModifyDate" value="2024:10:24 20:58:59"/>
          <property name="System/FileSize" value="488366"/>
        </meta>
      </photo>
    </camera>
    <camera camera_id="107">
      <photo path="../../../CameraPhoto/captured_images_2024-10-24_20-57-03/image_108.png">
        <meta>
          <property name="File/ImageHeight" value="480"/>
          <property name="File/ImageWidth" value="640"/>
          <property name="System/FileModifyDate" value="2024:10:24 20:59:00"/>
          <property name="System/FileSize" value="490098"/>
        </meta>
      </photo>
    </camera>
    <camera camera_id="108">
      <photo path="../../../CameraPhoto/captured_images_2024-10-24_20-57-03/image_109.png">
        <meta>
          <property name="File/ImageHeight" value="480"/>
          <property name="File/ImageWidth" value="640"/>
          <property name="System/FileModifyDate" value="2024:10:24 20:59:01"/>
          <property name="System/FileSize" value="490933"/>
        </meta>
      </photo>
    </camera>
    <camera camera_id="109">
      <photo path="../../../CameraPhoto/captured_images_2024-10-24_20-57-03/image_110.png">
        <meta>
          <property name="File/ImageHeight" value="480"/>
          <property name="File/ImageWidth" value="640"/>
          <property name="System/FileModifyDate" value="2024:10:24 20:59:02"/>
          <property name="System/FileSize" value="490200"/>
        </meta>
      </photo>
    </camera>
    <camera camera_id="110">
      <photo path="../../../CameraPhoto/captured_images_2024-10-24_20-57-03/image_111.png">
        <meta>
          <property name="File/ImageHeight" value="480"/>
          <property name="File/ImageWidth" value="640"/>
          <property name="System/FileModifyDate" value="2024:10:24 20:59:03"/>
          <property name="System/FileSize" value="491157"/>
        </meta>
      </photo>
    </camera>
    <camera camera_id="111">
      <photo path="../../../CameraPhoto/captured_images_2024-10-24_20-57-03/image_112.png">
        <meta>
          <property name="File/ImageHeight" value="480"/>
          <property name="File/ImageWidth" value="640"/>
          <property name="System/FileModifyDate" value="2024:10:24 20:59:04"/>
          <property name="System/FileSize" value="489653"/>
        </meta>
      </photo>
    </camera>
    <camera camera_id="112">
      <photo path="../../../CameraPhoto/captured_images_2024-10-24_20-57-03/image_113.png">
        <meta>
          <property name="File/ImageHeight" value="480"/>
          <property name="File/ImageWidth" value="640"/>
          <property name="System/FileModifyDate" value="2024:10:24 20:59:05"/>
          <property name="System/FileSize" value="489347"/>
        </meta>
      </photo>
    </camera>
    <camera camera_id="113">
      <photo path="../../../CameraPhoto/captured_images_2024-10-24_20-57-03/image_114.png">
        <meta>
          <property name="File/ImageHeight" value="480"/>
          <property name="File/ImageWidth" value="640"/>
          <property name="System/FileModifyDate" value="2024:10:24 20:59:06"/>
          <property name="System/FileSize" value="490917"/>
        </meta>
      </photo>
    </camera>
    <camera camera_id="114">
      <photo path="../../../CameraPhoto/captured_images_2024-10-24_20-57-03/image_115.png">
        <meta>
          <property name="File/ImageHeight" value="480"/>
          <property name="File/ImageWidth" value="640"/>
          <property name="System/FileModifyDate" value="2024:10:24 20:59:07"/>
          <property name="System/FileSize" value="490129"/>
        </meta>
      </photo>
    </camera>
    <camera camera_id="115">
      <photo path="../../../CameraPhoto/captured_images_2024-10-24_20-57-03/image_116.png">
        <meta>
          <property name="File/ImageHeight" value="480"/>
          <property name="File/ImageWidth" value="640"/>
          <property name="System/FileModifyDate" value="2024:10:24 20:59:08"/>
          <property name="System/FileSize" value="491750"/>
        </meta>
      </photo>
    </camera>
    <camera camera_id="116">
      <photo path="../../../CameraPhoto/captured_images_2024-10-24_20-57-03/image_117.png">
        <meta>
          <property name="File/ImageHeight" value="480"/>
          <property name="File/ImageWidth" value="640"/>
          <property name="System/FileModifyDate" value="2024:10:24 20:59:09"/>
          <property name="System/FileSize" value="490271"/>
        </meta>
      </photo>
    </camera>
    <camera camera_id="117">
      <photo path="../../../CameraPhoto/captured_images_2024-10-24_20-57-03/image_118.png">
        <meta>
          <property name="File/ImageHeight" value="480"/>
          <property name="File/ImageWidth" value="640"/>
          <property name="System/FileModifyDate" value="2024:10:24 20:59:10"/>
          <property name="System/FileSize" value="487898"/>
        </meta>
      </photo>
    </camera>
    <camera camera_id="118">
      <photo path="../../../CameraPhoto/captured_images_2024-10-24_20-57-03/image_119.png">
        <meta>
          <property name="File/ImageHeight" value="480"/>
          <property name="File/ImageWidth" value="640"/>
          <property name="System/FileModifyDate" value="2024:10:24 20:59:11"/>
          <property name="System/FileSize" value="486623"/>
        </meta>
      </photo>
    </camera>
    <camera camera_id="119">
      <photo path="../../../CameraPhoto/captured_images_2024-10-24_20-57-03/image_120.png">
        <meta>
          <property name="File/ImageHeight" value="480"/>
          <property name="File/ImageWidth" value="640"/>
          <property name="System/FileModifyDate" value="2024:10:24 20:59:12"/>
          <property name="System/FileSize" value="483200"/>
        </meta>
      </photo>
    </camera>
    <camera camera_id="120">
      <photo path="../../../CameraPhoto/captured_images_2024-10-24_20-57-03/image_121.png">
        <meta>
          <property name="File/ImageHeight" value="480"/>
          <property name="File/ImageWidth" value="640"/>
          <property name="System/FileModifyDate" value="2024:10:24 20:59:13"/>
          <property name="System/FileSize" value="490047"/>
        </meta>
      </photo>
    </camera>
    <camera camera_id="121">
      <photo path="../../../CameraPhoto/captured_images_2024-10-24_20-57-03/image_122.png">
        <meta>
          <property name="File/ImageHeight" value="480"/>
          <property name="File/ImageWidth" value="640"/>
          <property name="System/FileModifyDate" value="2024:10:24 20:59:14"/>
          <property name="System/FileSize" value="496254"/>
        </meta>
      </photo>
    </camera>
    <camera camera_id="122">
      <photo path="../../../CameraPhoto/captured_images_2024-10-24_20-57-03/image_123.png">
        <meta>
          <property name="File/ImageHeight" value="480"/>
          <property name="File/ImageWidth" value="640"/>
          <property name="System/FileModifyDate" value="2024:10:24 20:59:15"/>
          <property name="System/FileSize" value="481470"/>
        </meta>
      </photo>
    </camera>
    <camera camera_id="123">
      <photo path="../../../CameraPhoto/captured_images_2024-10-24_20-57-03/image_124.png">
        <meta>
          <property name="File/ImageHeight" value="480"/>
          <property name="File/ImageWidth" value="640"/>
          <property name="System/FileModifyDate" value="2024:10:24 20:59:16"/>
          <property name="System/FileSize" value="496476"/>
        </meta>
      </photo>
    </camera>
    <camera camera_id="124">
      <photo path="../../../CameraPhoto/captured_images_2024-10-24_20-57-03/image_125.png">
        <meta>
          <property name="File/ImageHeight" value="480"/>
          <property name="File/ImageWidth" value="640"/>
          <property name="System/FileModifyDate" value="2024:10:24 20:59:17"/>
          <property name="System/FileSize" value="487909"/>
        </meta>
      </photo>
    </camera>
    <camera camera_id="125">
      <photo path="../../../CameraPhoto/captured_images_2024-10-24_20-57-03/image_126.png">
        <meta>
          <property name="File/ImageHeight" value="480"/>
          <property name="File/ImageWidth" value="640"/>
          <property name="System/FileModifyDate" value="2024:10:24 20:59:18"/>
          <property name="System/FileSize" value="479505"/>
        </meta>
      </photo>
    </camera>
    <camera camera_id="126">
      <photo path="../../../CameraPhoto/captured_images_2024-10-24_20-57-03/image_127.png">
        <meta>
          <property name="File/ImageHeight" value="480"/>
          <property name="File/ImageWidth" value="640"/>
          <property name="System/FileModifyDate" value="2024:10:24 20:59:19"/>
          <property name="System/FileSize" value="486793"/>
        </meta>
      </photo>
    </camera>
    <camera camera_id="127">
      <photo path="../../../CameraPhoto/captured_images_2024-10-24_20-57-03/image_128.png">
        <meta>
          <property name="File/ImageHeight" value="480"/>
          <property name="File/ImageWidth" value="640"/>
          <property name="System/FileModifyDate" value="2024:10:24 20:59:20"/>
          <property name="System/FileSize" value="486817"/>
        </meta>
      </photo>
    </camera>
    <camera camera_id="128">
      <photo path="../../../CameraPhoto/captured_images_2024-10-24_20-57-03/image_129.png">
        <meta>
          <property name="File/ImageHeight" value="480"/>
          <property name="File/ImageWidth" value="640"/>
          <property name="System/FileModifyDate" value="2024:10:24 20:59:21"/>
          <property name="System/FileSize" value="488515"/>
        </meta>
      </photo>
    </camera>
    <camera camera_id="129">
      <photo path="../../../CameraPhoto/captured_images_2024-10-24_20-57-03/image_130.png">
        <meta>
          <property name="File/ImageHeight" value="480"/>
          <property name="File/ImageWidth" value="640"/>
          <property name="System/FileModifyDate" value="2024:10:24 20:59:22"/>
          <property name="System/FileSize" value="488711"/>
        </meta>
      </photo>
    </camera>
    <camera camera_id="130">
      <photo path="../../../CameraPhoto/captured_images_2024-10-24_20-57-03/image_131.png">
        <meta>
          <property name="File/ImageHeight" value="480"/>
          <property name="File/ImageWidth" value="640"/>
          <property name="System/FileModifyDate" value="2024:10:24 20:59:24"/>
          <property name="System/FileSize" value="485415"/>
        </meta>
      </photo>
    </camera>
    <camera camera_id="131">
      <photo path="../../../CameraPhoto/captured_images_2024-10-24_20-57-03/image_132.png">
        <meta>
          <property name="File/ImageHeight" value="480"/>
          <property name="File/ImageWidth" value="640"/>
          <property name="System/FileModifyDate" value="2024:10:24 20:59:25"/>
          <property name="System/FileSize" value="486470"/>
        </meta>
      </photo>
    </camera>
    <camera camera_id="132">
      <photo path="../../../CameraPhoto/captured_images_2024-10-24_20-57-03/image_133.png">
        <meta>
          <property name="File/ImageHeight" value="480"/>
          <property name="File/ImageWidth" value="640"/>
          <property name="System/FileModifyDate" value="2024:10:24 20:59:26"/>
          <property name="System/FileSize" value="488158"/>
        </meta>
      </photo>
    </camera>
    <camera camera_id="133">
      <photo path="../../../CameraPhoto/captured_images_2024-10-24_20-57-03/image_134.png">
        <meta>
          <property name="File/ImageHeight" value="480"/>
          <property name="File/ImageWidth" value="640"/>
          <property name="System/FileModifyDate" value="2024:10:24 20:59:27"/>
          <property name="System/FileSize" value="487886"/>
        </meta>
      </photo>
    </camera>
    <camera camera_id="134">
      <photo path="../../../CameraPhoto/captured_images_2024-10-24_20-57-03/image_135.png">
        <meta>
          <property name="File/ImageHeight" value="480"/>
          <property name="File/ImageWidth" value="640"/>
          <property name="System/FileModifyDate" value="2024:10:24 20:59:28"/>
          <property name="System/FileSize" value="489098"/>
        </meta>
      </photo>
    </camera>
    <camera camera_id="135">
      <photo path="../../../CameraPhoto/captured_images_2024-10-24_20-57-03/image_136.png">
        <meta>
          <property name="File/ImageHeight" value="480"/>
          <property name="File/ImageWidth" value="640"/>
          <property name="System/FileModifyDate" value="2024:10:24 20:59:29"/>
          <property name="System/FileSize" value="488009"/>
        </meta>
      </photo>
    </camera>
    <camera camera_id="136">
      <photo path="../../../CameraPhoto/captured_images_2024-10-24_20-57-03/image_137.png">
        <meta>
          <property name="File/ImageHeight" value="480"/>
          <property name="File/ImageWidth" value="640"/>
          <property name="System/FileModifyDate" value="2024:10:24 20:59:30"/>
          <property name="System/FileSize" value="488522"/>
        </meta>
      </photo>
    </camera>
    <camera camera_id="137">
      <photo path="../../../CameraPhoto/captured_images_2024-10-24_20-57-03/image_138.png">
        <meta>
          <property name="File/ImageHeight" value="480"/>
          <property name="File/ImageWidth" value="640"/>
          <property name="System/FileModifyDate" value="2024:10:24 20:59:31"/>
          <property name="System/FileSize" value="488793"/>
        </meta>
      </photo>
    </camera>
    <camera camera_id="138">
      <photo path="../../../CameraPhoto/captured_images_2024-10-24_20-57-03/image_139.png">
        <meta>
          <property name="File/ImageHeight" value="480"/>
          <property name="File/ImageWidth" value="640"/>
          <property name="System/FileModifyDate" value="2024:10:24 20:59:32"/>
          <property name="System/FileSize" value="490126"/>
        </meta>
      </photo>
    </camera>
    <camera camera_id="139">
      <photo path="../../../CameraPhoto/captured_images_2024-10-24_20-57-03/image_140.png">
        <meta>
          <property name="File/ImageHeight" value="480"/>
          <property name="File/ImageWidth" value="640"/>
          <property name="System/FileModifyDate" value="2024:10:24 20:59:33"/>
          <property name="System/FileSize" value="491423"/>
        </meta>
      </photo>
    </camera>
    <camera camera_id="140">
      <photo path="../../../CameraPhoto/captured_images_2024-10-24_20-57-03/image_141.png">
        <meta>
          <property name="File/ImageHeight" value="480"/>
          <property name="File/ImageWidth" value="640"/>
          <property name="System/FileModifyDate" value="2024:10:24 20:59:34"/>
          <property name="System/FileSize" value="488663"/>
        </meta>
      </photo>
    </camera>
    <camera camera_id="141">
      <photo path="../../../CameraPhoto/captured_images_2024-10-24_20-57-03/image_142.png">
        <meta>
          <property name="File/ImageHeight" value="480"/>
          <property name="File/ImageWidth" value="640"/>
          <property name="System/FileModifyDate" value="2024:10:24 20:59:35"/>
          <property name="System/FileSize" value="490088"/>
        </meta>
      </photo>
    </camera>
    <camera camera_id="142">
      <photo path="../../../CameraPhoto/captured_images_2024-10-24_20-57-03/image_143.png">
        <meta>
          <property name="File/ImageHeight" value="480"/>
          <property name="File/ImageWidth" value="640"/>
          <property name="System/FileModifyDate" value="2024:10:24 20:59:36"/>
          <property name="System/FileSize" value="493328"/>
        </meta>
      </photo>
    </camera>
    <camera camera_id="143">
      <photo path="../../../CameraPhoto/captured_images_2024-10-24_20-57-03/image_144.png">
        <meta>
          <property name="File/ImageHeight" value="480"/>
          <property name="File/ImageWidth" value="640"/>
          <property name="System/FileModifyDate" value="2024:10:24 20:59:37"/>
          <property name="System/FileSize" value="492274"/>
        </meta>
      </photo>
    </camera>
    <camera camera_id="144">
      <photo path="../../../CameraPhoto/captured_images_2024-10-24_20-57-03/image_145.png">
        <meta>
          <property name="File/ImageHeight" value="480"/>
          <property name="File/ImageWidth" value="640"/>
          <property name="System/FileModifyDate" value="2024:10:24 20:59:38"/>
          <property name="System/FileSize" value="491031"/>
        </meta>
      </photo>
    </camera>
    <camera camera_id="145">
      <photo path="../../../CameraPhoto/captured_images_2024-10-24_20-57-03/image_146.png">
        <meta>
          <property name="File/ImageHeight" value="480"/>
          <property name="File/ImageWidth" value="640"/>
          <property name="System/FileModifyDate" value="2024:10:24 20:59:39"/>
          <property name="System/FileSize" value="495866"/>
        </meta>
      </photo>
    </camera>
    <camera camera_id="146">
      <photo path="../../../CameraPhoto/captured_images_2024-10-24_20-57-03/image_147.png">
        <meta>
          <property name="File/ImageHeight" value="480"/>
          <property name="File/ImageWidth" value="640"/>
          <property name="System/FileModifyDate" value="2024:10:24 20:59:40"/>
          <property name="System/FileSize" value="497380"/>
        </meta>
      </photo>
    </camera>
    <camera camera_id="147">
      <photo path="../../../CameraPhoto/captured_images_2024-10-24_20-57-03/image_148.png">
        <meta>
          <property name="File/ImageHeight" value="480"/>
          <property name="File/ImageWidth" value="640"/>
          <property name="System/FileModifyDate" value="2024:10:24 20:59:41"/>
          <property name="System/FileSize" value="497041"/>
        </meta>
      </photo>
    </camera>
    <camera camera_id="148">
      <photo path="../../../CameraPhoto/captured_images_2024-10-24_20-57-03/image_149.png">
        <meta>
          <property name="File/ImageHeight" value="480"/>
          <property name="File/ImageWidth" value="640"/>
          <property name="System/FileModifyDate" value="2024:10:24 20:59:42"/>
          <property name="System/FileSize" value="494840"/>
        </meta>
      </photo>
    </camera>
    <camera camera_id="149">
      <photo path="../../../CameraPhoto/captured_images_2024-10-24_20-57-03/image_150.png">
        <meta>
          <property name="File/ImageHeight" value="480"/>
          <property name="File/ImageWidth" value="640"/>
          <property name="System/FileModifyDate" value="2024:10:24 20:59:43"/>
          <property name="System/FileSize" value="499589"/>
        </meta>
      </photo>
    </camera>
  </cameras>
  <thumbnails path="thumbnails/thumbnails.zip"/>
  <point_cloud path="point_cloud/point_cloud.zip"/>
  <depth_maps id="0" path="depth_maps/depth_maps.zip"/>
  <model id="0" path="model/model.zip"/>
  <model id="1" path="model.1/model.zip"/>
</frame>
