<?xml version="1.0" encoding="UTF-8"?>
<document version="1.2.0">
  <chunks next_id="2" active_id="1">
    <chunk id="1" path="1/chunk.zip"/>
  </chunks>
  <meta>
    <property name="Info/LastSavedDateTime" value="2024:10:25 02:10:23"/>
    <property name="Info/LastSavedSoftwareVersion" value="2.0.4.17434"/>
    <property name="Info/OriginalDateTime" value="2024:10:25 01:26:47"/>
    <property name="Info/OriginalSoftwareName" value="Agisoft Metashape"/>
    <property name="Info/OriginalSoftwareVendor" value="Agisoft"/>
    <property name="Info/OriginalSoftwareVersion" value="2.0.4.17434"/>
    <property name="Project/AbsolutePaths" value="false"/>
  </meta>
</document>
