<?xml version="1.0" encoding="UTF-8"?>
<document version="1.2.0">
  <chunks next_id="3" active_id="2">
    <chunk id="2" path="2/chunk.zip"/>
  </chunks>
  <meta>
    <property name="Info/LastSavedDateTime" value="2024:10:25 01:26:47"/>
    <property name="Info/LastSavedSoftwareVersion" value="2.0.4.17434"/>
    <property name="Info/OriginalDateTime" value="2024:10:25 00:31:40"/>
    <property name="Info/OriginalSoftwareName" value="Agisoft Metashape"/>
    <property name="Info/OriginalSoftwareVendor" value="Agisoft"/>
    <property name="Info/OriginalSoftwareVersion" value="2.0.4.17434"/>
    <property name="Project/AbsolutePaths" value="false"/>
  </meta>
</document>
